date,bronze_correction_trips_removed,bronze_distance_km_mean,bronze_distance_km_std,bronze_duplicate_rows_removed,bronze_duration_mean,bronze_duration_std,bronze_excessive_daily_events_units,bronze_idle_time_invalid_corrected,bronze_ingestion_duration_sec,bronze_invalid_avg_speed_rows,bronze_negative_fuel_events,bronze_null_primary_key_rows,bronze_rows_dropped_by_rules,bronze_start_after_end_rows,bronze_survival_rate,p95_fuel_per_100km,p95_idling_per_100km,raw_avg_speed_mean,raw_avg_speed_std,raw_distance_std,raw_ingestion_duration_sec,raw_max_trip_end_ts,raw_null_count_avg_speed,raw_null_count_gps_coverage,raw_null_count_idle_time,raw_null_count_max_speed,raw_null_count_start,raw_null_count_unit_id,raw_poor_gps_coverage_count,raw_temporal_coverage_hours,silver_avg_speed_imputed,silver_ingestion_duration_sec,silver_ml_large_error_count,silver_ml_percentage_error_mean,silver_ml_prediction_mean,silver_ml_prediction_std,silver_ml_residual_mean,silver_ml_residual_std,silver_vehicle_info_join_miss_rate,silver_vehicle_type_nulls
2025-10-20,-0.12475837967248464,-0.9323268941490235,-1.0487564762569728,-0.14157610616375416,-0.5093459142351187,-0.4690167395811505,0.24939828128132824,-0.10407789458107668,3.5344303982979595,0.04319546089405497,-0.09622504486493763,1.6233392353829716,-0.06932569381335134,-0.1720655044954331,-0.21983734080526046,0.4311193754304054,-0.6228644699457101,-0.048544774853317915,1.012240327294258,-0.7523494676277924,1.2765651388331853,-1.7198125716239832,0.006183675354764259,-0.0055806627692562265,-0.026000599685679436,-0.05556160398968781,-0.165376670031731,3.422497435949385,0.2818079131018314,0.06166624019645808,0.02632515518029851,7.072654750199417,0.6554136263509462,0.8769650954850493,0.9258808550157839,0.6218485855791115,-0.7414484516784616,0.7565589960294414,-1.7326739673371625,0.016954821026947755
2025-10-21,-0.1218593883247538,-0.9426217839611362,-1.068471111530509,-0.14218968209396615,-0.3953606317815498,-0.25133112265015467,0.589112176312607,-0.10248389722202209,3.7274883157041594,0.1834511532298804,-0.09622504486493763,1.7130216493497648,0.09774639482099999,-0.1720725045743686,-0.2595160845230664,0.4816709218020986,-0.6353538780589784,-0.03446078025004952,1.2136759658412908,-0.8410674502298865,1.2948423089496564,-1.6879907183276848,0.032423799488093145,0.019695486434436783,-0.020063443231428144,-0.05241998954364535,2.273197744216425,-0.16344152742928986,0.09785328143445769,0.06161512260744826,0.060981092356292795,3.9804209262402632,0.7623954672965823,0.9550167488045378,0.9398512815807952,0.687725262266918,-0.7315560166859133,0.5161270567210609,-1.6792546416207597,0.11722096492542945
2025-10-22,-0.12489611455552162,-0.9125872375050909,-1.0318656252132004,-0.14502295918347444,-0.37122794698542066,-0.21701235563205645,-0.3518652497474837,-0.12786350056299772,2.9737522232816884,-0.13898992715456573,-0.09622504486493763,4.592694520273514,-0.23008634265411515,-0.17206900453490084,-1.3508221562433398,0.34555389773572465,-0.7855709826506047,-0.04399567764309746,1.1343363951634626,-0.7285775093361777,1.279757295069875,-1.6561688650313864,0.01681783092458702,0.011701972955294352,-0.0262826817796597,-0.05589571219267963,3.831587038030812,2.932341889101977,0.1573075111055005,0.06159838613795122,-0.07965883285363361,3.3457643049947015,-0.5112492759758958,-2.086100402276038,-1.5918507731936715,-1.7900486154855282,2.064539591290721,-1.196076788504902,-1.682821259783062,-0.22641574874000542
2025-10-23,-0.12446323349454824,-0.9293211190587971,-1.0663406295666096,-0.1447282021189608,-0.1196047096227459,0.1352571244387208,-0.36367578339269246,-0.12498073938172877,1.548049022695573,-0.10306973743865282,-0.09622504486493763,4.5413561091150605,-0.17295229258822953,-0.1720655044954331,-1.376933193598131,0.5428362575313331,-0.6361859248809782,-0.05556119813103626,1.0904793809259201,-0.7474012771428536,1.2750442349300979,-1.6243470117350878,0.017603972295383106,0.010673338116622782,-0.025396138055721725,-0.05542197668097481,-0.165376670031731,9.11085777753222,0.23794158575194896,0.06263925831364248,-0.08834604498756246,-0.49009068851150983,0.26105802337915957,0.9608161963943656,0.8779752030981626,0.5133317276691443,-0.6073841210760779,0.4851629872499693,-1.5948136766893626,-0.23184962290822306
2025-10-24,-0.13481958493813867,-0.9359898453850503,-1.0660978205765714,-0.14513123728880595,-0.4442256677142632,-0.2872901063752831,-1.3703627239152176,-0.14226600152353355,-0.818279223350916,-0.46844535611312177,-0.09622504486493763,7.056443675166471,-0.5143908387987014,-0.1720725045743686,-2.4803494166665794,0.45332260817219927,-0.05598396763658296,-0.08597046372131376,-0.21640075488185026,-0.7737096511082768,-0.3566901300269871,-1.5925251584387894,-0.019280930939806325,-0.02932563797645339,-0.0466060250269045,-0.06944454782743735,9.01282979323844,-0.16344152742928986,-0.09499630564666367,0.061485155488693904,-0.2661690963578988,-0.5111700967642427,-0.2407698785656402,1.00621316821185,0.49485793936296896,-0.01972412057415704,-0.4993423421529273,0.6740622341066824,-1.6772011586104627,-0.6515605749287049
2025-10-25,-0.23299176252373816,-0.9306843308678908,-1.0651442770243207,-0.14576887502020272,-1.0423762590817418,-1.059992967254978,-1.8009103595269205,-0.17402159430072756,-0.9849572390832861,-0.9890671980226009,-0.09622504486493763,2.6713464340671886,-0.9918926456740462,-0.17207600461383638,-2.5061863625608134,-0.9707308193047772,-0.13550074223469824,-0.18060018044882273,-0.8101381982262116,-0.7831532650411103,-0.4450889669836756,-1.560703305142491,-0.3212866997099576,-0.37542592640490224,-0.24766339563150477,-0.18053303197741807,2.246935777846078,1.6956632774918545,-1.2165140064784012,0.061364026912453615,-0.6022898768531688,-0.5744558198149722,-1.3063200268989903,0.4970829675744088,-0.7177465767260193,-0.323491727115547,0.05155835329309597,-1.1607403364193096,-2.2943441157322577,-1.4960813882919002
2025-10-26,-0.2668417497310657,-0.8392808537785947,-1.0552626761605297,-0.14553427245865108,1.327119221484767,1.7442766856047183,-1.1000088719276198,-0.1906511695856163,-1.0147918000209304,-1.1026652378621713,-0.09622504486493763,-0.2155165206150968,-1.1064090647485159,-0.17207950465330413,0.5443980086289818,-1.8543307489309304,-2.831216111802769,0.006202630130707495,-0.44628785881374966,-0.7328682617861058,-0.49565768695481005,-1.5288814518461924,-0.4187044884964458,-0.4772058102130006,1.166481303894892,-0.20981487329037257,-0.165376670031731,-0.16344152742928986,-1.6883522765529297,0.06219668248748235,-0.6667424870917404,-0.579944350109708,-1.4888615762853694,-0.1313932421898437,-0.24520312648568143,0.4452551608472949,0.30631467508566146,-0.42921944727397954,-1.5662136881943873,-1.5536581234852749
2025-10-27,-0.13331761883264012,-0.9431947150755376,-1.0681677886402827,-0.14415071889052603,0.21779929533903603,0.5474734836526408,0.6711417009029663,-0.09088502282209292,-0.7202422742463793,-0.07403877971135844,-0.09622504486493763,-0.2155165206150968,0.019225875815203908,-0.17206900453490084,0.5536891645430552,0.8284539100693258,-0.3775021525094731,-0.059593398634237245,0.521610452007163,-0.8110545439579878,-0.3818079822204225,-1.497059598549894,6.170955575689159,-0.017154767747896642,-0.043529986954453044,-0.060443573105045854,-0.165376670031731,-0.16344152742928986,0.26172907237959325,0.06147918744530698,2.490041744202454,-0.48488918345715015,0.9278092742696528,0.8241440966665146,0.8465323411185086,0.5772018924757641,-0.5317314463528681,0.8078415963922426,-1.5038156655889856,0.28578271908883834
2025-10-28,-0.13577717031544342,-0.9445889202576322,-1.0694042756815405,-0.14244233100640638,-0.3990274833327299,-0.2853436559095802,1.1770620148686382,-0.0925468498560009,-0.6877151685078561,0.20341897829564368,-0.09622504486493763,-0.2155165206150968,0.04536144453422366,-0.17207600461383638,0.5674501127036288,0.8336648490076388,-0.4091661079235305,-0.061616062283166614,0.5755189056639323,-0.778638490208308,-0.37749669138623393,-1.4652377452535956,0.014066336126800711,9.499437116144806,-0.048567167204100634,-0.06173013902104419,-0.165376670031731,-0.16344152742928986,-0.6463386723183371,0.06151793107479235,0.1593835134369779,-0.4213459142304115,1.0979453351122643,0.8289555551969858,0.813869842649793,0.5914655854105261,-0.4960582503288811,1.0605178818667151,-1.617982582866539,0.3602193515301759
2025-10-29,-0.1374562241277038,-0.9498220545352034,-1.0701247153601814,-0.14087229847909924,-0.4309767561286478,-0.31117485650669013,1.071840896938596,-0.10994516145589465,0.7613982106158871,0.045799449829594094,-0.09622504486493763,-0.2155165206150968,0.16689287373992676,-0.17207950465330413,0.5306421021555338,0.5301471161476349,-2.59028341552848,-0.06849953857603641,-0.18752155680840857,-0.8114530252755926,0.10751466852061667,-1.4334158919572972,6.5721320160320325,0.004525085607616375,8.282539423773704,-0.06416364354432788,-0.165376670031731,-0.16344152742928986,0.2778385030312014,0.06286558987208372,2.689378420916226,0.004165034612642463,0.08154491556703053,-2.1454591552521642,-1.9976080746292104,-2.249400614729551,2.546863866961412,-0.39283700706056307,-1.4648653615197569,0.4290360182221925
2025-10-30,-0.13489173178163424,-0.935304433421544,-1.0672765210289437,-0.14394017813015916,-0.15187430134294386,0.08702192434831138,1.3391884312710498,-0.09319123176710807,0.7915957927886772,0.18858484312832316,-0.09622504486493763,-0.2155165206150968,0.02380942963251418,-0.17204800429809428,0.5769907976991647,0.4725489463980955,-0.47829996190265084,-0.062266326561290844,0.09596846271253247,-0.8122574459435492,0.10479610760294254,-1.4015940386609986,0.0035596629414313707,0.009432694570744094,-0.0467537823142275,10.127921782581781,-0.165376670031731,-0.16344152742928986,-0.05005794783974973,0.06151183329133206,0.15691207126839493,-0.023891613056555624,1.1058765336962428,0.9709912769266921,0.6184098151227989,-0.025521742687170522,-0.43831916533405435,0.542628658725629,-1.3972612797125885,0.4410203160452479
2025-10-31,-0.15649643200657842,-0.9456869294081857,-1.067745131129708,-0.1443011051479309,0.42663896647924043,0.9628969170670053,0.7407164809220146,-0.11684117839932233,0.5660246455822344,-0.14673933566843744,-0.09622504486493763,-0.2155165206150968,-0.08221758558844976,-0.17207600461383638,0.5528715399429033,0.05500590924596576,-1.8313138564108857,-0.08743135357326917,-0.5922771189777793,-0.8422349927126107,0.04838704982905644,-1.3697721853647002,4.6647618269040425,3.430350228844405,5.958653106199622,2.1449398478791792,-0.165376670031731,-0.16344152742928986,-0.5113497561207794,0.06172032558965092,1.861607889320443,-0.062267564916604526,0.852227686660402,1.1299129192443724,-0.25180517262775487,-0.8739039435676041,-0.11341682927124777,0.9250098577335517,-1.8093308644197,0.03035341486638852
2025-11-01,-0.23999656514676196,-0.8916941785579979,-1.0587396998148413,0.6203829365044962,-0.18760686236010637,0.3495573754964225,-0.9814740615247968,-0.15697373602090964,-0.5717830114285068,-0.840921341014226,-0.09622504486493763,-0.2155165206150968,-0.8617838663226316,-0.17207950465330413,-0.18769592164240356,-1.3540574399024718,0.024657010459592836,-0.22610805325181466,-0.9962985401749742,-0.8295977151692915,-0.2776218590998463,-1.3379503320684019,-0.3368926682734637,-0.394828649201524,-0.2620092849825011,-0.18596852363803124,-0.165376670031731,-0.16344152742928986,-1.3485186216739526,0.06146947315729342,-0.5272500171743705,-0.34191473900541364,-1.0514185974660937,-0.067625705683817,-1.1507338511813754,-0.6402426183874209,0.2672170360538277,-1.6816697876103943,-1.992257629557326,-1.2872494159777277
2025-11-02,-0.2587416268477002,-0.8136229831977583,-1.051260056477589,0.9465947906169055,0.3493584454036337,0.7033352288203408,-1.3398700734130422,-0.1878475430250096,-0.8085058784809325,-1.0881047952256133,-0.09622504486493763,-0.2155165206150968,-1.0848053167337444,-0.1720725045743686,-0.9926376144264074,-2.0104228930758543,-1.3388812842931337,-0.026011411611986338,-0.5301823606417908,-0.875517793663872,-0.3776269655198065,-1.3061284787721033,-0.4023867432864081,-0.4428603996454476,-0.3003993147251486,-0.2029980686114201,-0.165376670031731,-0.16344152742928986,-1.4726713381166516,0.06431442970929477,-0.6672256261622905,-0.38377027913135386,-1.4940688183901607,-0.32490483751820814,-0.06879583169341896,0.7569334011165776,-0.045168941385080784,-0.6035394753651201,-1.1410898986088986,-1.535458366853368
2025-11-03,-0.06735572746583267,-0.9473999083213652,-1.0705345853832042,9.39916266616455,-0.5321839017895434,-0.5119671032465443,0.7886028264289521,-0.09487566869263385,1.0018177011591163,0.13698598129302297,-0.09622504486493763,-0.2155165206150968,-0.04191749051300164,-0.17206900453490084,-1.58974511163922,0.5645360644037645,-0.6449815743191148,-0.05111951510129588,-0.4319568660683364,-0.7764947376826846,0.35932306999215524,-1.2743066254758049,0.192605415553815,0.29416038834990293,0.09156047110076242,0.010382379239622479,-0.165376670031731,-0.16344152742928986,1.048657375432967,0.06253677987298568,0.141117140115797,-0.014387010449663708,1.028179959797931,0.9817981807197451,0.9127867372612982,0.6415549690933696,-0.7348325194408046,0.8281828027542191,-0.939988330531761,0.5035470872959714
2025-11-04,-0.1039407359220375,-0.9366728253118288,-1.0513523131820288,4.147193321561803,0.143974032300319,0.4909361064088807,1.1023335474407714,-0.0872561352174367,1.0059407340035105,0.25860712217722753,-0.09622504486493763,-0.2155165206150968,0.07851202338447674,-0.17206900453490084,-0.5324111175117997,0.5170809049308359,-0.5636548327440345,-0.06378678302714808,-0.2601608650833063,-0.8235353607633966,0.2643949113576546,-1.2424847721795065,0.1086688889232759,0.17732003415575814,0.016634093947337752,-0.027825636451770098,-0.165376670031731,-0.16344152742928986,0.6706362572467606,0.06260385549105063,0.20164889097413555,0.032011683511945645,1.1967133715473663,0.9863632235578156,0.8957470940208128,0.6972678500362391,-0.749899993020587,0.8833533109755847,-0.805312989033314,0.6850980338203937
2025-11-05,-0.12980865871717406,-0.930375043787825,-1.0673596291718708,-0.14394017813015916,-0.01580308471037541,0.28080934538834634,0.889743941827013,-0.08851098420222436,0.7772109793233918,0.23644584697206866,-0.09622504486493763,-0.2155165206150968,0.06284206343793858,-0.1720655044954331,0.5764608613988186,0.501432098393841,-0.5755233266383445,-0.05906322095433007,-0.12608932306925869,-0.8168594505753838,0.13544878350339581,-1.210662918883208,0.02518917417036158,0.05016192287753367,-0.03634360979828915,-0.05626472722284969,-0.165376670031731,-0.16344152742928986,0.07296479055364591,0.06149744836066867,0.19285018520854127,0.017072952089894757,0.037401869839053276,-2.120147680912397,-1.649913255277169,-1.8625942313504804,2.1231907855462335,-0.8780011240758883,-0.7716082241540255,0.6849863788717317
2025-11-06,-0.1367544321046106,-0.9308549494623266,-1.067712664286097,-0.13803902138959095,-0.43252331763830276,-0.33507595609460195,0.774215449079334,-0.11170873300208271,0.7984299715445398,1.2303720021155096,-0.09622504486493763,-0.2155165206150968,0.10144013909364055,-0.17206200445596534,0.565320934656529,-0.1448817828743513,-1.078258210155384,-0.06087482094652928,0.3699645880715655,-0.7407187662109649,0.18646167339394185,-1.1788410655869095,-0.013703576619969213,0.05714250586668654,-0.05056860682329394,-0.06303166500583321,-0.165376670031731,-0.16344152742928986,0.03886263250159064,0.06152628309203213,1.3276323682989537,0.03769087273871694,1.1976687619055284,0.9432051188071229,1.0443780159429321,0.7512627828508561,-0.9281358226883019,1.1822832079447296,-0.766782860051003,0.6921695139023208
2025-11-07,-0.1500491277196567,-0.9434897657681133,-1.0215316435521158,-0.1437296373697923,0.36202004965649615,0.807203890401369,0.742434376724954,-0.1216683902597217,0.727483769776351,-0.014901643600203233,-0.09622504486493763,-0.2155165206150968,0.06940182217422461,-0.1720550043770298,0.5561427367976078,0.2548955792350696,-0.09620413131703327,0.057016702363897574,-0.36397068450359604,-0.7814373326635539,0.13362928561882514,-1.147019212290611,-0.06240184748117554,0.010971720741580948,-0.07779624513272237,-0.07818621469079041,-0.165376670031731,-0.16344152742928986,0.22015167492445367,0.06202385249190208,-0.06812853311223711,-0.005942246237250999,1.1208272988430525,1.0786312664022046,0.9563916253247775,0.3651370745833448,-1.1184125665217757,1.170023460310587,-0.6837962854331043,0.5995331248290762
2025-11-08,-0.24197732394091287,-0.9326912780298899,-1.062898012169268,-0.14498686648169726,-0.6633957978831952,-0.4172984771350376,-0.9327287681163895,0.2907021180114445,-0.2830090896404057,-0.708278210926891,-0.09622504486493763,-0.2155165206150968,-0.7298489080801215,-0.1720655044954331,0.48396370584040144,-0.9066520224245316,-0.031751211101712806,-0.19906873635106898,-0.6843951457973682,-0.7833296210431803,-0.10761427884201684,-1.1151973589943127,-0.36153926260112484,-0.38067117886469315,-0.26606589414355064,-0.18727004962282023,-0.165376670031731,-0.16344152742928986,-1.036065204143482,0.06482631916979141,-0.470792429439805,-0.244070673872008,-0.8309221605112826,0.5563048345549032,-0.5569472342878223,-0.0871607200784821,-0.06898051435631546,-1.0601277032431107,-1.3957137296772306,-1.063492898859067
2025-11-09,-0.26767471783324176,-0.8008405532569914,-1.0493550214921148,-0.14543200980361576,0.37566213247423325,0.6876406617849476,-1.322905852359015,-0.18919283157626846,-0.7238932664622302,-1.0865994863064201,-0.09622504486493763,-0.2155165206150968,-1.0839206805003807,-0.1720725045743686,0.5084868958220812,-1.9406072020502456,-0.8922340335335603,-0.026061247382973378,-0.24855185647404957,-0.7354555414529981,-0.1759485577243474,-1.083375505698014,-0.42357006616975135,-0.47271436648994614,-0.31869435339186863,-0.2106127436258754,-0.165376670031731,-0.16344152742928986,-1.600127067318853,0.06151788242226527,-0.6682522966872094,-0.19941242889112726,-1.5001858692520567,-0.12541087181032934,0.039142726350401946,0.8836679394096378,-0.06738613565649572,-0.19097731891678144,-0.8560491675404727,-1.5167375537943715
2025-11-10,-0.1510132719009156,-0.9417995750671404,-1.0500307477244561,-0.1431401232407651,0.17912593357211157,0.5050470611821534,0.2897688326504056,-0.12187187928428186,1.1474081716106916,-0.16960048177368864,-0.09622504486493763,-0.2155165206150968,-0.043122872047350734,-0.17206900453490084,0.5676911171892226,1.566140943964148,0.7601427808513653,-0.05655681902734548,0.2932729762606154,-0.7749245301409934,0.257112192068903,-1.0515536524017157,-0.06491962457413057,0.02246730397681132,-0.07977081979058423,-0.07287040358050269,-0.165376670031731,-0.16344152742928986,0.14867331985697674,0.061497561883234145,-0.16523484072481198,0.24875570208194872,0.8265524824168196,0.6540488955868923,0.7428523561061312,0.3800995821665173,-0.5459384681407405,0.5894557310477234,-0.3113962403444836,0.556062131483335
2025-11-11,-0.165613169502836,-0.8416135558840419,-1.0056376580360684,-0.1428694279774363,-0.015892115857815196,0.191429525710832,-0.09246298350362482,-0.14052503986896328,0.915200254360113,3.4782830452395,-0.09622504486493763,-0.2155165206150968,-0.24309722058925662,-0.17204100421915877,0.6081992903682591,-2.3026275177109454,-3.0022077062276504,-0.07409083525773887,-0.024938057137892832,-0.7948586985959416,0.19716549433718158,-1.0197317991054173,-0.13022247601039483,-0.06697681394156926,-0.10967152175249231,-0.08399570807117052,-0.165376670031731,-0.16344152742928986,-0.1346904063529642,0.06159335871009877,4.1523932100615815,0.21223552881135357,0.601567169389881,0.7566490544917327,2.3290972466646744,2.1409673039024786,-2.1293407018471617,0.14199735848979048,-0.11936475289497722,0.39405080097476386
2025-11-12,-0.13851875036827482,-0.9370446550009097,-1.0690509298730817,-0.14352511205972163,0.1953597164979824,0.5751830032753995,0.8422870702708103,2.8526176322780623,1.3258317810067866,-0.14674715545503064,-0.09622504486493763,-0.2155165206150968,0.13938637752475888,-0.17206900453490084,0.5516399157808559,0.5503036526516243,0.1960170195422034,0.36369000650193944,-0.15916346397798498,-0.759791121661373,0.4663840680766534,-0.9879099458091188,-0.007499433909902788,0.045694035677502194,-0.054181944122374474,-0.06232355508307444,-0.165376670031731,-0.16344152742928986,0.4163042747650774,3.255150784991672,-0.19328013465664542,0.33276922378243134,0.031736988459646176,-2.1112428886218026,-1.6672539263877442,-1.7814762793929113,2.212743217975313,-0.7379425559775664,-0.49801469296196316,0.7676482591978371
2025-11-13,-0.13950257096139615,-0.9487353192635932,-1.0701954406179948,-0.14125127184775957,1.6305021805904114,-0.3551185645990095,-0.11565457684330757,-0.1258625251548228,1.2291818674246149,1.8179312172628714,-0.09622504486493763,-0.2155165206150968,3.3011331819902594,-0.1720725045743686,-0.6106666913606545,0.47836969047267797,-0.6091603360053138,-0.06841211467543125,-0.019001913653029882,-0.7976275707146866,0.34563548668382427,-0.9229594807038453,-0.006585810154653281,0.06976095003268053,-0.05619681622223351,-0.06451271181611037,-0.165376670031731,-0.16344152742928986,0.641256827964871,0.06299722739428738,0.02817409123874968,-0.26742969457057997,0.7128373273629922,0.9019295467296488,0.9053454230215185,0.6138510340589219,-0.7228079059159597,1.0288083211380648,-0.5221460314378321,0.3700077686962118
2025-11-14,-0.14957689383495848,-0.932793306886995,-1.0664513316312987,-0.14504702098465921,2.9517951932375133,-0.41450030956231226,-0.6149180445725889,-0.14118072672587936,-0.741538666696364,2.6920582417983256,-0.09622504486493763,-0.2155165206150968,5.1650358591306125,-0.1720725045743686,-1.402209773463799,0.3718705809962494,-0.12042700454143644,-0.09644514000916819,-0.28505717200541403,-0.7595383851278639,-0.40850734897279406,-0.8911376274075468,-0.04713583194287853,0.02645620854204153,-0.07682910652479004,-0.07825104165555001,-0.165376670031731,-0.16344152742928986,0.6257558470321186,0.06313718449871333,-0.10448010260314264,-0.49683803269960514,0.3068930581383856,1.0004805286735747,0.5547998649240928,0.09386537111953233,-0.6142321637641583,0.6223782092116873,-0.47296324034124293,0.00828295334753193
2025-11-15,-0.24154444287993948,-0.8934733801317684,-1.0575054191632987,-0.14554028790894727,3.8236257442327375,-1.2343267479348685,-1.8356977495364446,-0.18546219945933218,-0.9787701502067939,0.5665894171508272,-0.09622504486493763,-0.2155165206150968,1.9386899163843523,-0.17207950465330413,-2.169242836380843,-0.6343416492757707,-0.2132605066294603,-0.19366386593998347,0.9660381806270742,-0.7543600990994609,-0.4704468904682522,-0.8593032516226827,-0.3617623567739183,-0.3691127782347347,-0.26517935041961266,-0.18753933086105246,-0.165376670031731,-0.16344152742928986,-1.0385569506111767,0.06294870460675177,-0.598550194624392,-0.5445785697964,-1.2409067828536124,0.45768099297286685,-0.5652410491761781,-0.06389913896592614,0.023594233683041164,-0.7750986389562493,-1.2588493631694027,-1.3732237264474725
2025-11-16,-0.2706065032007433,-0.7741486785901232,-1.0445721501402763,-0.14596738487997718,5.176696067003192,-1.64598950788744,-1.8683377697922943,-0.20026037352317944,-1.0331272524359796,-0.3636836751238793,-0.09622504486493763,-0.2155165206150968,0.4613111934881716,-0.17207950465330413,-2.8332074826708493,-1.8499629570118201,-1.0763556985504161,0.01121201629100963,-0.0995830544863504,-0.8832827979522726,-0.5001154783973654,-0.8274946574319244,-0.42864811448381257,-0.47184277513809464,-0.32469867224944854,-0.2125575525686636,-0.165376670031731,-0.16344152742928986,-1.6827313601025486,0.06552255305740119,-0.7493035213399671,-0.5806279511675001,-1.7251584194306993,-0.22164069123412042,0.11757948792455185,0.9734548402729526,-0.09576490001443914,-0.4179924595979494,-0.727730013118523,-1.7210288915296224
2025-11-17,-0.14711078354820104,-0.9388924696244633,-1.0665467890317495,-0.14406650258637926,0.22697001969176067,0.5389612355865241,0.1785350794100754,-0.12548946194312918,-0.6878764371408819,0.03478137051976035,-0.09622504486493763,-0.2155165206150968,-0.053769546715549996,1.1976259406597036,-0.2230540734551417,0.8129868961276433,-0.33438422504963,-0.05292370919132145,0.695861618689718,-0.738227879525472,-0.38582809135067614,-0.8288006793276266,-0.047677632076805566,0.029479295663328207,-0.07177849379447672,-0.07119487587594671,-0.165376670031731,-0.16344152742928986,0.5981727931106602,0.06340298947455648,-0.01421671663403153,-0.46810338837822496,0.6683733871635712,0.7323503471281185,1.0113809110901248,0.7008163460294148,-0.6951064253132065,0.7318146980452891,-0.379128804082042,0.3582467807704805
2025-11-18,-0.14274262011474237,-0.9365326971425139,-1.068678614724394,-0.14440336780296625,0.2316899604811852,0.5451421097502416,-0.47791585428816674,-0.13751792428379647,0.25150857059274534,-0.0914769038142181,-0.09622504486493763,-0.2155165206150968,-0.15444735804588322,3.470075565655116,-1.3706602846700537,0.856138375361165,0.0925527914982259,-0.07129308072198018,0.3615254533785041,-0.7468013167931825,-0.3559339584047319,-0.7819967733879621,-0.016805647975002426,0.07027919353918682,-0.0628324616711026,-0.06664701496358048,-0.165376670031731,-0.16344152742928986,0.5342565988346756,0.062183465217481,-0.09706577609739374,-0.13198360397245956,0.3294431878134763,0.674274722083685,0.9988606011246349,0.7934662311958092,-0.6323093358484444,0.7242242722063749,-0.40520611955536895,0.08197521946445611
2025-11-19,-0.14291314901755006,-0.9243739076087,-1.066137957971037,-0.14468609396688745,1.029081320790027,1.4430117193879464,-1.2685773975910544,-0.1540683649480229,0.04586117370623125,-0.43523863234505294,-0.09622504486493763,-0.2155165206150968,-0.48928475902961927,5.550726527856775,-2.4690307903947315,0.915226733919222,0.11131577028460363,-0.06587632642048304,-0.23327765907449902,-0.7660684669197713,0.10098395983714652,-0.7565234534859726,-0.03353771093451376,0.04051160061243932,-0.0631817061684115,-0.06985844306397944,-0.165376670031731,-0.16344152742928986,0.23365346392382305,0.06191934686259506,-0.2571845678728622,-0.21790738214088098,-0.8463378579888774,-2.1447023257476725,-1.5289797261913847,-1.712160484063644,2.2674376190109538,-0.6182263240965793,-0.3360367988864134,-0.3341999925150622
2025-11-20,-0.14059789122173788,-0.901774087565236,-1.0349741738350542,-0.1450831136864364,-0.05608352455450027,0.14456451894514724,-1.725752418148319,-0.1681317175342918,-0.1650671138814314,-0.615508172678337,-0.09622504486493763,-0.2155165206150968,-0.6272569715664872,7.848876942663945,-3.6312668091581912,0.766942099719406,0.19387112370281406,-0.06899673367397863,0.6214447216953357,-0.7777857117453705,0.14628486214743952,-0.7333351194387313,-0.031030557373596508,0.0756579329627748,-0.0584400404934099,-0.0660785323495347,-0.165376670031731,-0.16344152742928986,0.6666668471761306,0.06150985475521061,-0.39554816476962007,-0.2779172073286372,-0.6057217023273535,0.5143187939567554,0.9559782238348876,0.672444680176088,-0.5826163023056449,0.9094365172942416,-0.27422483589887947,-0.7200050584585148
2025-11-21,-0.14898004267513154,-0.9659824703293062,-1.071822111666339,-0.14304387603602597,-0.348815068557701,-0.22315398682415805,-0.2872294201618864,-0.13628568519062662,0.5117315033943665,0.05673542138019913,-0.09622504486493763,-0.2155165206150968,2.9380339813406473,-0.17206200445596534,-0.592480002809236,0.5676107974289292,0.85865544057118,-0.08828470489417503,-0.3181797398426574,-0.8119536398836713,0.08160432901915063,-0.7015132661424328,-0.0675223899233879,0.03425341766265885,-0.07560675078420888,-0.0787447239256424,-0.165376670031731,-0.16344152742928986,0.25520996824899644,0.0614656620426301,-0.04866360325065319,-0.3453477403086057,0.5388778818236903,0.5772801119390543,0.6210388418940802,0.18447889135382092,-0.5504455654520071,0.5299894727258249,-0.3037300595608065,0.27085817428435016
2025-11-22,-0.24225279370698685,-0.8995653098451906,-1.0615423736144418,-0.14398228628223253,-0.8470552937705836,-0.7867847870435764,-0.9161940210130971,2.237911203919243,-0.932912352944314,-0.7107179843439728,-0.09622504486493763,-0.2155165206150968,-0.7258654583743327,-0.17205850441649756,0.4739516484066203,-0.4897487449164299,-1.5380546710720726,-0.20589188753503537,-0.9409191257542169,-0.7561496876104095,-0.47066691729053,-0.6696914128461343,-0.36557620477548314,-0.3708481087640967,-0.29019062941919616,-0.18843693498849315,-0.165376670031731,-0.16344152742928986,-1.0016443343339307,0.0614209503697578,-0.4855978546113725,-0.5496117625993209,-0.8355897164595549,0.02236049688426627,-0.7580131855804444,-0.34495600806866566,0.35036511798696673,-0.629992980228274,-1.1247503000070975,-1.0395243032129562
2025-11-23,-0.2693340952336397,0.9249225747273789,-1.0556770940532982,-0.14570872051724076,-0.04336237719647132,0.06842899153260766,-1.781369294768484,-0.1973323925586749,-1.0232523367871613,-0.34353599496647214,-0.09622504486493763,-0.2155165206150968,-0.04135877289192996,-0.17206900453490084,-1.7158583563834386,-1.6277901053591963,-0.20268137813586848,-0.046805910156804374,1.3469913952161505,-0.901940740636648,-0.5028982591684068,-0.6378695595498359,-0.42519546657153245,-0.4752270622790675,-0.32209277100029754,-0.21114133272314603,-0.165376670031731,-0.16344152742928986,-1.600069119726581,0.06855921678569557,-0.7266517318399472,-0.5771265837557574,-1.6532689415070936,-0.3836435407102301,0.1288607979722369,1.0526109562644925,0.07304293056817822,-0.1389348035048887,-0.39738112237197853,-1.6366921869735869
2025-11-24,-0.14057821480987545,-0.9289204064097594,-1.065795827462919,-0.1434408957555749,-0.4852473502845246,-0.5089753888026547,1.3336052699114966,-0.11537153544416562,-0.7014776754182755,0.21512910871897656,10.392304845413262,-0.2155165206150968,0.08568740616620286,-0.17206200445596534,0.5322298399362276,0.7728585541153886,0.23947703429843162,-0.07809528970068458,0.07806481386940957,-0.7993152484251942,-0.4086317320608302,-0.6060477062535374,-0.03689474705845382,0.05848522767899828,-0.058399743051412725,-0.06209915405121426,-0.165376670031731,-0.16344152742928986,0.4662840730996529,0.061473138314373774,0.08798113349126314,-0.48666315518730624,1.8229535186821317,0.6099081813874081,0.668226020340324,0.37457945093699496,-1.2584236875144723,1.1327946933567299,-0.21177006241869004,0.6973428598569937
2025-11-25,-0.14128000683296868,-0.940122156361335,-0.9156725508809015,-0.14322433954491184,0.1935060436028161,0.4948691849173182,-0.325237864801922,9.67004259244228,-0.7063300869497215,0.13743170912883598,-0.09622504486493763,-0.2155165206150968,4.789070633262433,-0.17206900453490084,-1.1904384695096972,0.8753987969270804,-3.9736222557808767,-0.09055071957273227,-0.08581997010421276,-0.7936253541807817,-0.4176715339795444,-0.574225852957239,-0.015541447662506013,0.08001588972203222,-0.140378172554344,-0.0644279380929632,-0.165376670031731,-0.16344152742928986,0.5062389379711772,0.06152002313348097,-0.06948503896416611,-0.49481801282909726,0.46429544290961666,0.5314198746784806,0.29652985896782447,-0.0202459729037832,0.11956099830644491,1.1055849834593752,-0.3059888156207995,0.18540492024169467
2025-11-26,-0.13845316232873342,-0.47202029754536695,0.27767459893337215,-0.14202124948567266,0.5576213811009935,0.9345487649028711,0.9238871209104348,-0.11952045055603112,-0.6813339390503416,6.855832639832101,-0.09622504486493763,-0.2155165206150968,0.28321477846026705,-0.1720725045743686,0.48865597445027714,0.8480738324105063,0.15638306675794844,10.361558067340948,8.471697601362525,-0.7792236203387708,-0.3979651813018833,-0.5424039996609406,-0.2505870939984986,0.06058961040238745,-0.05404761931571721,-0.0632510793480965,-0.165376670031731,-0.16344152742928986,0.7114603360023646,0.06170491895590847,7.651249194441186,-0.46206058400578476,-0.08912353837593089,-2.189221905656094,-1.5225791177098174,-1.6872167319861526,2.221763326968813,-0.7331461734249687,-0.1948033130445912,0.8098538297920755
2025-11-27,4.008324402461815,-0.4796128012448721,-0.25507391871089125,-0.1422558520472243,0.18685379890057915,0.5021094100597774,0.005242340288557118,-0.13040711336999974,-0.7243066849962723,0.20648824453347883,-0.09622504486493763,-0.2155165206150968,0.16685666056078322,-0.17206900453490084,-0.6747643144803998,0.8313195618099354,0.06321881741621109,-0.09772914304686497,-0.14132979549709138,-0.7642038644913431,-0.41910326684146054,-0.5105821463646422,-0.025049508836323568,0.08283482031045278,-0.053013318304456235,-0.06415865685473099,-0.165376670031731,-0.16344152742928986,0.85122992856236,0.06290185222266376,-0.002770037116384088,-0.3968320148957801,0.6542139186111169,0.5599975638152643,0.8981399845565429,0.6211486946344915,-0.555128786859709,0.9899046436163219,-0.11664933766896442,0.43930827349909707
2025-11-28,7.798421090618205,-0.4856963225022294,-0.24938948414259035,-0.14471617121836844,-0.6489592989401025,-0.6281717215502645,-0.7491286541772344,-0.1508577603382959,0.10727572248719995,-0.12129375009413013,-0.09622504486493763,-0.2155165206150968,-0.1382290271008858,-0.17207950465330413,-1.7973127511010205,0.6006031607608364,0.4481624962372635,-0.12386415442524579,-0.616997205873458,-0.7545242834348354,0.06597094082713882,-0.47876029306834367,-0.06397413022276771,0.028701930403568776,-0.07220833317577997,-0.07803661400288363,-0.165376670031731,-0.16344152742928986,0.6945396390589489,0.0614534989107287,-0.1764492418431565,-0.17583940393705408,0.13151328991013675,0.6904394020770114,0.5354547414470026,0.094499184041889,-0.5231025898149583,0.7386488186496348,-0.22098679230957582,-0.09108995096165372
2025-11-29,4.554541595762772,-0.3633004622923506,-0.262010592228804,-0.1457989522716837,-0.985733484922652,-1.0013102097759632,-1.9310409665995847,-0.1904929003442917,-0.7487615895994543,-0.9523454801808839,-0.09622504486493763,-0.2155165206150968,-0.9138998044214844,-0.1720725045743686,-2.966199592300885,-0.7469606680934572,0.12664961557912785,-0.22058031534943334,-0.5828608359157154,-0.7787064464937311,-0.2599163441110044,-0.4469384397720452,-0.35841594418201606,-0.3658305693601949,-0.261324228468549,-0.18631759190981373,-0.165376670031731,-0.16344152742928986,-0.7154122023065272,0.06144000594307101,-0.6371223456126334,-0.3627930926175552,-1.3424334177847053,0.38318824629049,-0.5025900693652406,-0.012652549212964164,-0.046481632150905026,-0.9005776731980735,-0.6224534369296212,-1.4141266559739876
2025-11-30,2.754930408021299,-0.8220366986592088,-1.0543336025878467,-0.14588918402612663,-1.58629784510627,-3.9927390593332026,-2.106481075474777,-0.2035275028619509,-1.005239789302868,-1.2488991570485064,-0.09622504486493763,-0.2155165206150968,-1.1999890929667163,-0.17207600461383638,-4.069237959815052,-1.7830771754102281,-0.5875611889429864,-0.04115453154583489,-0.37406750598350075,-0.8792636138492096,-0.3894983618602986,-0.4151165864757468,-0.4289455733808705,-0.477865392857645,-0.32494045690143164,-0.2125525658790667,-0.165376670031731,-0.16344152742928986,-1.4264871070758902,0.061457439765465395,-0.7747008415197474,-0.4089957033246596,-1.7944333367176555,-0.24998762777113348,0.11658071345736969,1.0792896599694561,-0.03807789609290201,-0.5203772993249994,-0.216588734126947,-1.7735067174007653
2025-12-01,-0.14205394569955745,-0.6664970434801331,-0.17838925035853995,-0.1435912820129798,-0.022439663185708794,0.2333826160842515,0.7080764606661648,-0.11435409032136482,-0.6772630328906746,0.44655569294504444,-0.09622504486493763,-0.2155165206150968,0.415879173596954,-0.17206900453490084,0.4238621036442815,0.7498495788043291,0.11324521092514717,-0.08274742416832309,-0.44623083106427985,-0.7266211487072705,-0.38819509853319584,-0.38329473317944834,-0.03366519331896718,0.0639189323229733,-0.061422051201201276,-0.06682653578906862,-0.165376670031731,-0.16344152742928986,0.8885192041893737,0.06158252541395027,0.09329566326731374,-0.4703939586103004,1.0029022271155688,0.6139278411868382,0.9077849338416208,0.6717414300407641,-0.630714026699347,1.0483847633204604,0.10492120674268039,0.8117891822355503
2025-12-02,-0.13831542744569642,-0.7746670447211117,-0.6741539457689918,-0.14332058674965098,0.20069528481180274,0.5448938455434933,1.0817187978054978,-0.11015995542626371,-0.6529740267723487,0.6443806541800864,-0.09622504486493763,-0.2155165206150968,0.6386109185749185,-0.17206200445596534,0.3815513449810506,0.7811373430599595,0.05776554518206672,-0.0968329429219225,-0.2612919276993692,-0.788298003676547,-0.3811320630438175,-0.35147287988314985,-0.00483292736841876,0.08747545534598636,-0.05376553722173694,-0.06278731721558546,-0.165376670031731,-0.16344152742928986,0.881797283485825,0.06153301335835308,0.15575067927188038,-0.2967140836058316,1.167360643730477,0.6064283484074036,0.951917086166135,0.7711270807860562,-0.644532060737347,1.0491966789083436,0.15429134602223846,0.9806114646125038
2025-12-03,-0.1426376792514761,-0.7413547061280207,-0.643430775621587,-0.1436093283638684,-0.6186872395285418,-0.637634876862323,0.9627545134519401,-0.1174855603104295,0.7277650605094771,0.5651935852439391,-0.09622504486493763,-0.2155165206150968,0.53672255239893,-0.17206200445596534,0.4161715213040319,0.6805991237266843,-0.10979546332303365,-0.0849912604349287,-0.35995070465047874,-0.7748662448669733,0.12128242970440113,-0.3196510265868514,-0.023849049716053866,0.0673346281613102,-0.06261754198045097,-0.06748477881585847,-0.165376670031731,-0.16344152742928986,1.2868509534669061,0.061590909866207535,0.1454096449349148,0.13777137402079917,-0.006051982080936888,-2.12865349695845,-1.57557880363788,-1.7719902479928327,2.177842889713567,-0.7362366473088423,0.12531600796986778,0.9650542084322643
2025-12-04,-0.14145053573577637,-0.6997759755992751,-0.5177841736116812,-0.14345894210646348,-0.6119617054801268,-0.6437420522798134,1.8528392763499493,-0.11474976342467623,1.0207126984023054,0.6024274991075115,-0.09622504486493763,-0.2155165206150968,0.5556310052231613,-0.17205150433756206,0.40372289515882737,0.6478446496744124,-0.08255709146247618,-0.09158377487319247,-0.11514363721957606,-0.6824546129335516,0.335369064686139,-0.28782917329055296,-0.023466602562693607,0.08568515959623736,-0.0601862629799544,-0.0662181596582477,-0.165376670031731,-0.16344152742928986,1.2033774467991312,0.06148656641199308,0.16009893090683086,0.13761329922303547,1.1615243755310944,0.5702905696138677,0.9097400692230163,0.6422499556554886,-0.6233286853181852,0.8189358305023313,0.2539637334681922,1.011614322024321
2025-12-05,-0.1509345662534659,-0.6953291796791056,-0.42441583476614547,-0.14286341252714008,-0.8085901929859904,-0.874827492011942,1.252434693222607,-0.11834473619190575,0.987698464165156,0.6409203986125906,-0.09622504486493763,-0.2155165206150968,0.65917483101714,-0.1720655044954331,0.3395603406924815,0.4753645424817697,0.3388136872461308,-0.12132786130388878,0.40629377289268076,-0.6912037330808365,0.29845833856929904,-0.2560073199942545,-0.05812056406994819,0.038980426615943475,-0.07960963002259551,-0.08164199058143712,-0.165376670031731,-0.16344152742928986,1.1230041363179066,0.06150839517938095,0.10843556933387746,0.10441212917073293,1.0620762616082167,0.6428022817158789,0.6081187376597144,0.18526549151266944,-0.615842576291763,0.49199475573646667,0.35954041880164794,0.8999965916785353
2025-12-06,-0.24155100168389362,-0.051989147544026525,0.05679978961483604,-0.14519740724206412,-0.8579863314740004,-0.7915476199336885,-0.750417076029439,-0.173422432172856,-0.35643174468388933,-0.7268150150460968,-0.09622504486493763,-0.2155165206150968,-0.7494764511759174,-0.17206900453490084,0.4964291285874329,-0.6329611727364207,0.001814344047107825,-0.20623624485970335,-0.735308807592137,-0.6080595001453506,-0.23137850881603064,-0.22418546669795608,-0.3610505801273868,-0.3745072220070047,-0.26519278290027837,-0.18728999638120783,-0.165376670031731,-0.16344152742928986,-1.1217986669098639,0.06181923617828323,-0.4814772358077389,-0.2493777949596441,-0.8282054970882647,0.23999651315248519,-0.49116470401635215,0.023715771923824732,-0.00863987053472558,-1.1135161062474224,-0.7158936546558681,-0.9861904560687379
2025-12-07,-0.26974729988275065,-0.21746568311804998,-0.3459385012349816,-0.14554630335924348,0.3611041697794326,0.6802242176422655,-1.1846152402223882,-0.19114858720120778,-0.7747475862029863,-1.1250415571986436,-0.09622504486493763,-0.2155165206150968,-1.125120931743111,-0.1720725045743686,0.5949273992475653,-1.7802476255160153,-0.38952495920680485,-0.028167370247769073,-0.8434896935475813,-0.7159302904538374,-0.41047409316769823,-0.19236361340165764,-0.4248130194181722,-0.4765462275683563,-0.32293901728223834,-0.2121536307113153,-0.165376670031731,-0.16344152742928986,-1.7276986917055985,0.061758306996205665,-0.6746492438040116,-0.3736144358612823,-1.4870200796026527,-0.39820630451758243,-0.12274594910681721,0.748268637572907,0.03288295700183465,-0.9724819528109008,-0.3042347369002341,-1.4793703643088199
2025-12-08,-0.1705453900763509,-0.7408651428027204,-0.3460527146109879,-0.14378979187275426,-0.5738212313243805,-0.6125014387538134,-0.03383978922831566,-0.12071877481177429,0.6388320205518659,0.024005704594316137,-0.09622504486493763,-0.2155165206150968,-0.07088286051652334,-0.17206900453490084,0.5422207067768174,0.9497590785106232,-0.3170788951869479,-0.08233794674756746,0.7254500648021744,-0.6699745720793159,0.16324067820709676,-0.16054176010535917,-0.08310711142281846,-0.015733524192174855,-0.11977274721311894,-0.08827927443490143,-0.165376670031731,-0.16344152742928986,0.34250801600672165,0.06396948328853945,0.012160818390807014,0.007237831435702351,0.641886830421168,0.3362466433998395,0.9679256737880897,0.7876605747792925,-0.6003283966632887,1.0771210141379737,-0.27831977560074683,0.37365516368583734
2025-12-09,-0.13985674637491982,-0.5867079635334365,-0.40091017178816474,-0.1422498365969281,-0.2989402034161856,-0.12123741589218309,0.7097943564691043,-0.11406016173033347,1.0460460765386932,0.5686499309181382,-0.09622504486493763,-0.2155165206150968,0.5457551539395887,-0.1720725045743686,0.4166930914067664,0.7125025439695095,-0.23016966257989574,-0.09523546999556792,0.049028938063153574,-0.8273980356922326,0.30742861123664345,-0.12871990680906073,-0.0018795854619145366,0.10344677795558921,-0.05692217017818276,-0.06305161176422078,-0.165376670031731,-0.16344152742928986,1.572764373736814,0.0615902125133119,0.16355523348845818,0.1328584112708464,1.182734406135099,0.663552183212501,0.9122531199664333,0.695388664352081,-0.6539491164892078,0.9867046558760318,0.2629916252631883,1.0196534783279854
2025-12-10,-0.1416276234425382,-0.7267995451061132,-0.5552294295721284,-0.14249647005907212,-0.8041616532012805,-0.9419457786194201,0.8921060485560547,-0.11549588984806348,1.0612714259865963,0.5893176268839939,-0.09622504486493763,-0.2155165206150968,0.5712595786792498,-0.17207600461383638,0.40823678859207757,0.602385499931,-0.41565782047457583,-0.09391911547268414,-0.116242362819781,-0.8088992509141963,0.32458612476423837,-0.09689805351276227,-0.012853694056946415,0.05791201895210497,-0.06054893995792903,-0.0650462876029779,-0.165376670031731,-0.16344152742928986,0.9676176676406149,0.061550349875689886,0.15477510999480815,0.13531356657906213,0.027014734590105012,-2.1401253907857645,-1.594665898929109,-1.793929736289173,2.1483992308506497,-0.8880563768047322,0.3576993232969284,1.05385711093478
2025-12-11,-0.13847939754455,-0.5761140563245561,-0.46097682121352535,-0.14396423993134394,-0.38474039982054536,-0.254364910296796,1.293664192493154,-0.11567676898100586,1.0788741090289884,0.5659130056105145,-0.09622504486493763,-0.2155165206150968,0.5195368122396695,-0.17206200445596534,0.42512916332973655,0.5097074616089934,-0.4352281651386424,-0.08771955483104912,-0.43786247603851153,-0.6296894917672945,0.316573273765907,-0.06507620021646383,-0.010612128796973786,0.08099741151465777,-0.054101349238380114,-0.06313139879777106,-0.165376670031731,-0.16344152742928986,0.7928187555522127,0.061599505146086156,0.16780128262771538,-0.2809872919904623,1.2065225320949076,0.7047573527186961,0.9353043271894258,0.6710389681919949,-0.715447568611742,0.8214739508524068,0.47573863253511245,1.1057022254301716
2025-12-12,-0.1507181257229792,-0.36769366442926565,0.13338873220422234,-0.14349503480824066,-0.28726519653298216,-0.02252529606832205,0.8931797334328919,-0.12209797820045983,-0.6321803409106785,0.5755782618397228,-0.09622504486493763,-0.2155165206150968,0.5960966462604085,-0.17207600461383638,0.35935132225933236,0.38104763024260574,-0.1277436392230097,-0.10140570673384619,0.19506209951996462,-0.7578571003262987,-0.3496060508281101,-0.03325434692016538,-0.056229575367222465,0.04349542686202097,-0.07916635816062652,-0.08075934652278709,-0.165376670031731,-0.16344152742928986,0.934732409026271,0.0616579206142375,0.10013858491077748,-0.46616064054611717,1.073096069479841,0.725864615059936,0.6594032203925194,0.2255349609871084,-0.6999575720181871,0.779526970952215,0.4574815377164688,0.9094872623148058
2025-12-13,-0.2418855006855549,-0.027428694485164128,0.25265641501553293,-0.145071082785844,-0.8687169008943867,-0.8002616386943364,-0.830299230866124,-0.17311719863601574,-0.910475355644249,-0.7142877169237735,-0.09622504486493763,-0.2155165206150968,-0.7372829564271586,-0.1720725045743686,0.4899851924401278,-0.647336743082363,-0.33082035317375597,-0.19560705648635043,-0.37177424296892764,-0.6952526226150489,-0.4660434457850259,-0.0014324936238669318,-0.36168799204965385,-0.35798624719353156,-0.26587783941423043,-0.18711047555571966,-0.165376670031731,-0.16344152742928986,-1.1164095408285704,0.06296988467377108,-0.474703997684066,-0.5410713687823232,-0.8204584481725581,0.31344844723822735,-0.32266218490296517,0.16444278960967437,-0.1522488378034487,-0.9020513015556533,-0.1963307565418598,-0.9207606561528022
2025-12-14,-0.2698850347657877,2.040879570798758,2.2916418054753187,-0.14574481321901794,0.7673208986767941,1.167122056064509,-1.02721303727806,-0.19179296911231497,-1.0041588142209223,-1.0950683151868672,-0.09622504486493763,-0.2155165206150968,-1.089280231013624,-0.17207600461383638,0.5281653943688946,-1.5329220078110368,-0.7822770983000547,-0.036987783575182176,-0.6365091111576344,-0.49256717663537697,-0.5194811347605064,0.030389359672431518,-0.4266083963325578,-0.47848571463058437,-0.3232210993762186,-0.2121586174009122,-0.165376670031731,-0.16344152742928986,-1.6058349051576424,0.06307242798446455,-0.6739152440622144,-0.5856837034765472,-1.4749227226820327,-0.20479312281849815,0.07335513526451547,1.0155847655448234,-0.022197949214388616,-0.2567758896453779,-0.4859042905132979,-1.481156843487412
2025-12-15,-0.1430902367243119,-0.4681342047279069,-0.24487753628116965,-0.14382588457453144,-0.3061855884407305,-0.1401964043125975,0.8751418275020275,-0.11118870549487342,-0.7135132884475482,0.4208676939863476,-0.09622504486493763,-0.2155165206150968,0.3589054961815612,-0.1720725045743686,0.44600758363130477,0.7137618009656174,-0.16915000085993048,-0.08348091310369193,0.5857618912127076,-0.656178596272842,-0.41302494571307424,0.062211212968729966,-0.03644855871286685,0.05097854900899812,-0.06354438314638612,-0.06937473417308085,-0.165376670031731,-0.16344152742928986,0.9445834997125062,0.06271371289839521,0.11185006180363025,-0.5017263186022666,1.0503690831926478,0.6606537922963737,0.9201427073935882,0.6669254888265993,-0.7066965505407197,0.7772065321601092,0.4314487626279592,0.9223275814109365
2025-12-16,-0.143418176922019,-0.051085295494739884,0.466739864809587,-0.1434288648549825,-0.6017497803623851,-0.618748733837974,1.1667546400510014,-0.1128279226371636,-0.6625009409700477,0.5450928238060913,-0.09622504486493763,-0.2155165206150968,0.502914963012787,-0.1720725045743686,0.418670226032644,0.6980822257983821,-0.1649441656664705,-0.10001887019707592,-0.17517549126890553,-0.7101387530097809,-0.40756417021134406,0.09403306626502841,-0.018516036633085806,0.06828474125657172,-0.06421600717967248,-0.06952932155058453,-0.165376670031731,-0.16344152742928986,1.206014062247506,0.06166541310348907,0.1554905274646611,-0.47591640456313355,1.1669358232086227,0.5787760658383033,0.9462552164538114,0.7573605150630959,-0.6968880668755633,1.1442366859936328,0.39635252964861906,1.0187230204224687
2025-12-17,-0.14107012510643613,-0.555795090789936,-0.35053588067833885,-0.14338675670290912,-0.27676910762414475,-0.09015494826319957,0.6290532537309494,-0.1185821400538926,-0.6545418988603289,0.49755634110596403,-0.09622504486493763,-0.2155165206150968,0.46325118522800385,-0.17205150433756206,0.4367031389508593,0.6200347156993811,-0.29989847687941035,-0.08731853568401977,0.24865650686460572,-0.7118070528558825,-0.3952835028034794,0.12585491956132686,-0.021331272623098824,0.03847788745811919,-0.059407179101342245,-0.06725040440480451,-0.165376670031731,-0.16344152742928986,1.1123997269321357,0.061664099485242374,0.1417953930417615,-0.4745153195318414,0.00036955387602217483,-2.124477823724536,-1.612414809397579,-1.8179811529591166,2.1695422894433545,-0.7679419895781386,0.44959961384520963,1.038783692865409
2025-12-18,-0.14299185466499978,-0.1636579824265351,0.11136065894742503,-0.14229194474900148,-0.29549799083467454,-0.07994180513362893,1.068405105332717,-0.119090862615293,-0.6451242900174637,0.6149547972298348,-0.09622504486493763,-0.2155165206150968,0.6003749747106518,-0.17206900453490084,0.3772792783747643,0.5228916432652725,-0.3895023363305926,-0.06948804318582898,0.5877013356433586,-0.68658485437927,-0.39995762238655796,0.15767677285762532,-0.03641668811675349,0.062364201803454436,-0.06334289593640022,-0.07159879773329503,-0.165376670031731,-0.16344152742928986,0.9019920193926071,0.06155296089467198,0.14098706421218737,-0.27013851608169026,1.1180595840268506,0.6741382415197515,0.8367177155903085,0.559949221991506,-0.6476321225119958,1.1234247766197039,0.5236454756623566,1.022072668882329
2025-12-19,-0.15460093766383134,0.3241402595543285,0.5964420232759863,-0.14346495755675967,-0.36417930328114234,-0.0765033807479435,1.1680430619032058,-0.12758087691777528,0.6980579022004397,0.5044025642683199,-0.09622504486493763,-0.2155165206150968,0.50515500680838,-0.17207600461383638,0.3629559894079856,0.15729746159168284,0.0017897694046446354,-0.1276014101453494,-0.23295209870569575,0.7541828578975538,0.033697451874107304,0.18949862615392377,-0.07520320358670643,0.012016059928934527,-0.08711838671473685,-0.08737169692826693,-0.165376670031731,-0.16344152742928986,0.7952525544276354,0.06274976442135391,0.08912858878381952,-0.07077085069256263,0.9944696309199594,0.7999538914352584,0.3670115683735055,-0.09511696826098014,-0.6307036044050116,1.0143703400229687,0.5380294753814713,0.8285746428510719
2025-12-20,-0.24233149935443654,-0.362639081125439,-0.3659418300846634,-0.1446259394639255,-0.6630939878190962,-0.42649889028750465,-0.7394654902857,-0.17298153928630897,-0.42872196520405265,-0.6991212408262415,-0.09622504486493763,-0.2155165206150968,-0.7087107580829096,-0.1720725045743686,0.4615452494015971,-0.8765724285065402,0.11492174323441483,-0.22548754739181967,-0.36689205149427145,1.987776672501752,-0.32253633865102466,0.2213204794502222,-0.3650344046415561,-0.36730677813630375,-0.2667912480994999,-0.189234805323996,-0.165376670031731,-0.16344152742928986,-1.1384585996880556,0.06153286740077011,-0.4826432733722395,-0.3189527088611867,-0.8021218816992084,0.42004939764385424,-0.6536736137778375,-0.2894247417376373,-0.0367467044666685,-0.8069033253779123,-0.3706082704006432,-0.9415284766039353
2025-12-21,-0.26500528462390593,1.0039505365596473,1.2573563558717284,-0.14538388620124618,-0.5397806735911108,-0.2807015295561225,-1.1846152402223882,-0.18713533143904906,-0.9192531053469263,-1.0496900935864661,-0.09622504486493763,-0.2155165206150968,-1.040019960755804,-0.17207600461383638,0.5270998187733289,-1.331884684640445,-0.06511535022989728,-0.17481237975209257,-0.9963751984543545,2.6579141491618334,-0.3704994118962742,0.25314233274652065,-0.4171003351587403,-0.47023307939818876,-0.31322733376091777,-0.20841361351364568,-0.165376670031731,-0.16344152742928986,-1.6499330228766127,0.06137357902537462,-0.6543666939768814,0.14749917603747933,-1.3617253746162168,-0.6196954509477556,-0.9955935346994694,-0.011480137062940255,0.3566061073201299,-1.3426698627791496,-0.9682216458688454,-1.4365693006550508
2025-12-22,-0.18052788969455522,-0.5306622641209388,-0.10517109344040809,-0.14419884249289558,0.19385616447779086,0.7021848830485039,0.5966279704504671,-0.12659734663240116,-0.7562835600791616,0.2030749076855424,-0.09622504486493763,-0.2155165206150968,0.23765342578639392,-0.17206200445596534,0.34684010367674234,0.37014608820995654,0.19967114026690477,-0.13182954532635563,-0.401483911222811,0.9419810595987822,-0.3947230332053501,0.2849641860428191,-0.1477619274047778,-0.1305401652319995,-0.14021698278635528,-0.11515753136215358,-0.165376670031731,-0.16344152742928986,0.9524064246692223,0.061435594780567926,-0.09222044868793501,-0.5044243733244105,0.5394248610363785,0.732505418431824,0.2827902982001985,-0.009633114920384312,-0.6305834290286175,1.1715077252475332,0.05064528045577089,0.24860162118439025
2025-12-23,-0.18244306044916472,-0.14111155005162898,0.4215058109492342,-0.1441928270425994,-0.7115921588126063,-0.4800092360218804,1.0409187724856857,-0.12829308850373583,-0.7947368353091051,0.24462143385527035,-0.09622504486493763,-0.2155165206150968,0.29332342875261946,-0.1720655044954331,0.3053510033089901,0.13478341004844638,0.37125701881020007,-0.15228316849879503,-0.03048602897958991,0.8968781586224847,-0.4341991083137976,0.3167860393391176,-0.14588156223408988,-0.14000988748725074,-0.14413926714074754,-0.11971536565371359,-0.165376670031731,-0.16344152742928986,1.0301431197020723,0.0615381056562422,-0.09198352472064604,-0.5039635187400233,0.5031929579879144,0.8135863613531275,0.04832995100604219,-0.30771278489896076,-0.5542092971729322,1.0080089010783395,0.01633339210310131,0.20237647243831963
2025-12-24,-0.22861704028632535,1.1268096235379792,1.6633563206246684,-0.1447462484698494,0.8937874436792651,1.6288433113948535,-0.4152126574808764,-0.17197539910931706,-0.9046668524753798,-0.49593190598825704,-0.09622504486493763,-0.2155165206150968,-0.4469981124125829,-0.17207600461383638,0.35894873172285263,-1.2155044770730894,1.5671329763032023,-0.15445999834244456,-0.7989418547314956,1.7292258236280218,-0.45923857231649945,0.34860789263541603,-0.3335250086174859,-0.31300899256825865,-0.23870393102746493,-0.17410518908702327,-0.165376670031731,-0.16344152742928986,-0.27996502017879693,0.06338114448965902,-0.46967749312315105,-0.5556510417078623,-1.0990294914025138,-2.341045571240454,-2.9448150237243227,-3.34940150491496,2.116318979037194,-4.1505730361065405,-0.6355976766126488,-0.7742321451920292
2025-12-25,-0.28677395494770364,1.3375923314943698,1.3221239746742584,-0.14587715312553426,4.118638009125544,4.135047112889874,-1.5902533866914688,-0.1957610050912381,-1.0596895975063538,-1.2169005903090886,-0.09622504486493763,-0.2155165206150968,-1.182875779165743,-0.17207600461383638,0.46439101606353,-2.89650800265532,1.9142267202152592,-0.007349783603057296,-0.6812819218244419,-0.8775005305148059,-0.5389167827102366,0.38042974593171447,-0.46005127518750494,-0.5275068390414746,-0.3578097370904654,-0.22585206703397978,-0.165376670031731,-0.16344152742928986,-1.863035293456788,0.061529688768965744,-0.7521744823553511,-0.5958416859160434,-1.728022767241143,-0.7814370515484504,-1.0062894564002118,-0.5522701400735716,0.36695491981847433,-1.172750966696901,-0.038848074079788374,-1.683996666890057
2025-12-26,-0.2491592142706985,0.14329096754880144,0.5798387390871592,-0.14513725273910216,-1.1334510399832591,-0.9418156645248112,-0.587646448700925,-0.18805103204956977,-0.5867267705646362,-0.6335445104555772,-0.09622504486493763,-0.2155165206150968,-0.5528492350491354,-0.17203750417969102,0.11077810996148686,-1.7335288233919404,1.7046646489792059,-0.23918084493841077,-0.8393836507510347,1.8389174667876649,-0.3938718740665839,0.4122515992280129,-0.3872163395364511,-0.4187071113725182,-0.2807744604725216,-0.19690932061361402,-0.165376670031731,-0.16344152742928986,-0.6873655676468929,0.06153134295490376,-0.5882741982392312,-0.35586880310141467,-1.107896024440189,0.07157906835325742,-1.1957482026183213,-1.1760668772635945,-0.09354004828924868,-2.3356859302109023,0.5647330785360409,-1.0839257544642142
2025-12-27,-0.25335028999739534,-0.007710377251868348,0.44897296105710865,-0.14496280468051248,0.4971057137221303,1.1363356286972202,-0.7882107836941072,-0.17562689660559105,-0.6014178214940872,-0.898901148709586,-0.09622504486493763,-0.2155165206150968,-0.9122598647374129,-0.1720725045743686,0.5282359735282764,-1.3376408820707828,2.4541428053828422,-0.23348392096583,-0.26190252182258217,2.006386898970719,-0.37310535690294583,0.44407345252431135,-0.38897984585472345,-0.4184793983166291,-0.28935781561792107,-0.19703897454313324,-0.165376670031731,-0.16344152742928986,-1.3076076215299406,0.06423235289521709,-0.573812545098632,-0.32130883481341044,-1.0937037371349734,-0.10837771925708693,-1.2848995599403301,-1.0611304816764302,0.22065513851849855,-2.121978518179752,-0.3783744838681827,-1.1652477754063755
2025-12-28,-0.2686126267986841,-0.1359680593424678,-0.0907863214656798,-0.14542599435331954,-1.290206481950316,-1.7184960986127464,-1.2183289453550752,-0.18935110081759302,-0.7801586302094172,-1.0532011777668178,-0.09622504486493763,-0.2155165206150968,-1.0252087704860984,-0.17207950465330413,0.4137017304008124,-1.5856670639129795,0.8050129782584567,-0.20291797423045352,-0.8644725206717345,2.6029220980935097,-0.4313542553110528,0.4758953058206098,-0.4244411957968497,-0.4820113409096953,-0.32061519812706757,-0.2111014392063709,-0.165376670031731,-0.16344152742928986,-1.4035108867400536,0.06078811072562302,-0.6854780627795133,-0.38113636674955975,-1.4681784689895876,-0.8222860424333334,-1.0705920648427352,-0.15501926720840453,0.42847958592162116,-1.2769549739551347,-0.8926784921569229,-1.5042321995442267
2025-12-29,-0.2027556762951429,-0.2524967998089136,0.07161316140838825,-0.14422891974437657,-0.1746758297242803,0.19929282135073806,0.3088804234581071,-0.14347563072508562,-0.021244034897308906,-0.32200421258206674,-0.09622504486493763,-0.2155165206150968,-0.35309733889339695,-0.17207600461383638,0.4756158116395329,0.48520941266171086,1.2661040191980666,-0.12205366873667267,-0.8886326503099427,1.0395246844707091,-0.20131926254063226,0.5077171591169083,-0.22298715776433323,-0.22533946605094504,-0.18573965976250376,-0.13946764314700594,-0.165376670031731,-0.16344152742928986,-0.24340008945518285,0.06463780684281066,-0.25698945401744777,-0.15933741443023847,-0.003379076994934053,0.5218065378217235,-0.004256695014512216,-0.23851083680596144,-0.4855496197650691,1.4175486910345787,0.2481575224277271,-0.20445694216981083
2025-12-30,-0.20084706434448754,-0.5414986656108678,-0.22820722184802994,-0.14369354466801512,-0.17168265398895952,0.26876577040661626,0.8326239063792759,-0.14333997137537885,0.011946950742075638,-0.14585569978340465,-0.09622504486493763,-0.2155165206150968,-0.13019487464232726,-0.17206900453490084,0.37171050495553504,0.3661551883763641,1.1331808810509805,-0.14719929121035427,-0.7709614149351909,0.9928546885113767,-0.194490780147842,0.5395390124132067,-0.2041835060574538,-0.20964296954327732,-0.18183080788877723,-0.1385899857779528,-0.165376670031731,-0.16344152742928986,0.3923429453606172,0.06252661149471533,-0.23147599463801607,-0.15052763806355313,0.08011000676574524,0.5187607229451989,-0.106663955970729,-0.37591289558617735,-0.41492369270498897,1.5275204854324058,0.22834284440045288,-0.1364218601184283
2025-12-31,-0.22972547815457536,0.5174884509541902,0.47393518899964776,-0.13462224562135167,0.042605102337325916,0.65036770238799,-0.536109574612741,-0.16492111292456482,-0.8046601192923409,-0.5381665733781875,-0.09622504486493763,-0.2155165206150968,-0.48982278340546603,-0.17207950465330413,0.3707328538167678,0.07023718130181301,2.569260629118654,-0.15074116327123918,-0.6190113748050886,1.810295566189308,0.33036691080793396,0.5713608657095052,-0.3051601780766,-0.3290588369212715,-0.24097402025997278,-0.17386084129677554,-0.165376670031731,-0.16344152742928986,-0.8174579122974691,0.06157010280190043,-0.43052464613665237,2.783853490671643,-1.0678790252399228,-2.241746814935931,-2.916449924427474,-3.3671848718453976,2.294269514840178,0.4385587364270454,-0.46076175072182185,-0.776949082276138
2026-01-01,-0.2850883423314891,0.6370360934422462,0.3324169695973232,-0.14541997890302336,2.3233210341568356,2.598524084828508,-1.4463796131952888,-0.19545577155439786,-1.0256251903191431,-1.2122830063257977,-0.09622504486493763,-0.2155165206150968,-1.1901856680414309,-0.17207600461383638,0.528506929191505,-1.856871048869395,1.6997255490793304,-0.013130452516839851,-0.598555896577525,-0.878636268397764,-0.5179702978339688,0.6031827190058036,-0.4560568271412978,-0.5184925428980015,-0.3543575895593736,-0.22415659257103623,-0.165376670031731,-0.16344152742928986,-1.7804599744692287,0.061500691862509727,-0.739403815961677,-0.5911759609465815,-1.7064116185478335,-0.7282182142372059,-0.3178542493141969,0.3730307058004379,0.2499190882992208,-0.2743143976360695,1.017838076941932,-1.6193484516147552
2026-01-02,-0.21717192738634733,-0.25697170787182133,-0.264638368371374,-0.14454172315977876,1.5211449962715078,2.140249467077307,-0.16762092488222632,-0.1545657825636144,-0.8740108060336789,-0.41889527836524276,-0.09622504486493763,-0.2155165206150968,-0.4202417463368169,-0.1720725045743686,0.4181697418454547,0.6426735530188946,1.8970069961476124,-0.16586529965099375,-0.6554690875279034,1.133724220401733,-0.46826085023899755,0.635004572302102,-0.2570143308813585,-0.27947235595782904,-0.2152642522657715,-0.15432797814574645,-0.165376670031731,-0.16344152742928986,-0.21958362903140255,0.06241842449082006,-0.33456114824864785,-0.4191596994496301,-0.3076909619739949,0.3748915490331494,-0.32587806671158154,-0.6970139285305064,-0.29778369387321174,0.9322669786287929,0.5479466892798546,-0.42977662856973964
2026-01-03,-0.24948059566445147,-0.4193791496317167,-0.2868083244007039,-0.14409657983786026,-0.3540594342991006,-0.023198077725327688,-0.8899961100182704,-0.1790183803482604,-0.564861805075442,-0.8865263364258302,-0.09622504486493763,-0.2155165206150968,-0.9098904881591645,-0.17207950465330413,0.5504122743465883,-0.8790531324412535,2.4205222545301153,-0.2578747101999523,-0.7865451803133152,2.1297168560006283,-0.36564859077517975,0.6668264255984006,-0.3725452417922701,-0.40467527582514345,-0.2814326520251422,-0.19053633130878503,-0.165376670031731,-0.16344152742928986,-1.351850608229591,0.06139172641817253,-0.5495162245315475,-0.34288164358534823,-1.0266586717717427,0.037655926953654266,-1.1841063089966157,-0.9433035202697466,0.26649955350762894,-1.511107221789184,-0.050445063389732814,-1.0971382567225516
2026-01-04,-0.27346614172474926,-0.3444393816418951,-0.4183592697805211,-0.14557036516042826,-0.4381164824157668,-0.5058325438526662,-1.4929775368500218,-0.19218864221562637,-0.847784138838228,-1.1330216494170149,-0.09622504486493763,-0.2155165206150968,-1.122761901787475,-0.17207950465330413,0.543764744175791,-1.768713623894701,1.1040562018609663,-0.08240018855212274,-0.7349021830024326,-0.44679011792656464,-0.4628205815413501,0.6986482788946989,-0.4212753832495898,-0.47841504506151533,-0.3305552338197055,-0.20891726916293185,-0.165376670031731,-0.16344152742928986,-1.6091668917132806,0.0614990701115892,-0.6896823018068959,-0.39048169946148387,-1.5493118956076233,-0.6845229957769182,-0.2654905712701764,0.5708167939192572,0.12877631042834245,-1.16999961441376,1.3062721277106926,-1.4547318389707373
2026-01-05,-0.17463808374373557,-0.06513853187355802,0.3490141840006379,-0.14386197727630862,-0.34897783660737974,-0.22371203015641367,-0.1107156264098566,-0.1363082950822444,0.2761082806205323,0.05947234668782284,-0.09622504486493763,-0.2155165206150968,0.021786664911782445,-0.17207950465330413,0.4147207636221319,0.6806159533613655,2.244024315238451,-0.16055638801253988,-0.029692928615282565,0.8739643982010709,-0.07405442416844664,0.7304701321909974,-0.12470886288278442,-0.062139874547510576,-0.12815461514853252,-0.09630285799630192,-0.165376670031731,-0.16344152742928986,0.853316041884151,0.06150039994734379,-0.09550951082206423,-0.13443694207807738,0.33960241505713784,0.2783261526689214,0.37941500777104525,0.09541768897724656,-0.5177433839278648,0.7219680809629168,0.7782339818327452,0.3151851889031667
2026-01-06,-0.19807269027188543,1.427825558998411,1.6323033502734285,-0.1441868115923032,-0.6637827531509539,-0.7647418643293673,-0.7351707507783513,-0.15432837870162755,0.07660393454927535,-0.20371821067986653,-0.09622504486493763,-0.2155165206150968,-0.2655545649695545,-0.1720725045743686,0.4825206885350772,0.39674568009297045,1.2012027070999247,-0.14871831492255919,0.05608340904246621,1.0428301389058017,-0.14928662521070132,0.7622919854872958,-0.20711560089988246,-0.13010044346890323,-0.17614886856717474,-0.11883770828466045,-0.165376670031731,-0.16344152742928986,0.30020627364818236,0.061485577143933205,-0.2297710711871327,-0.15877402159715523,-0.07737807141547368,-0.3059467128031279,0.7971352231992535,0.9152583462701099,-0.5989916289089804,-1.384012980988549,0.6832514829630737,0.005491579630981771
2026-01-07,-0.1690237475589899,0.4337483801028157,0.6914138704728958,-0.14324238589580043,0.13719060645208367,0.44616120826668343,0.07288448752929846,-0.13239678383236575,0.4517915079525702,0.25406773605986877,-0.09622504486493763,-0.2155165206150968,0.24024525475080977,-0.17206200445596534,0.39177168600592555,1.0320328482788232,1.0704355187059804,-0.14440498735983537,-0.649990710586387,0.8330552276620308,-0.028183134423868,0.7941138387835943,-0.10143270418799753,-0.05709092644624478,-0.1166564116986703,-0.09266756128016708,-0.165376670031731,-0.16344152742928986,1.2720453436414174,0.061520331266154804,-0.023466042494273434,-0.07294724821366311,-0.4133673458653485,-2.1723381517179643,-1.7251739843913239,-1.9802974650948972,2.288460828920937,-0.5431627831388826,0.9090265026952832,0.60697678807321
2026-01-08,-0.1563980499472663,0.4048735588062836,0.4844091203547668,-0.14279122712358575,0.37590040939975566,0.7596568651397162,1.0001187471658735,-0.12975142651308366,0.5587799079066958,0.31801795081914513,-0.09622504486493763,-0.2155165206150968,0.2583725375678021,-0.17207600461383638,0.42874574619851924,0.8815089965094554,0.48142174586708203,-0.11284466652513031,0.6738753145931397,0.9862945896185482,0.028543130052588957,0.8259356920798927,-0.06761800171172797,0.02432826929562935,-0.09079888641714601,-0.07866493689209211,-0.165376670031731,-0.16344152742928986,1.2247021607552167,0.06435233002830323,0.04722556554957442,-0.0450036054435603,0.8141706963056018,0.387254832244523,0.8096845645352215,0.6348728131433538,-0.6141489058569074,0.8751484774498469,1.1036590595142437,0.878223876689444
2026-01-09,-0.16502943595091735,0.9957893875016811,1.2929141655095162,-0.14412064163904503,-0.00609977712170371,0.3702590861526311,1.098038807933423,-0.13843362489431718,0.49603577461769427,0.35852835526527266,-0.09622504486493763,-0.2155165206150968,0.347270719053874,-0.17207600461383638,0.3595664956252359,0.9556366196767275,1.0238103594934727,-0.14988151311955622,-0.24349527299688958,0.8824699312419176,0.010547790537391355,0.8577575453761912,-0.10525717572160012,-0.023452211569382132,-0.10847603097324261,-0.0912663015034402,-0.165376670031731,-0.16344152742928986,1.2617596460131426,0.06156494563397292,-0.0022450879339595098,-0.06929681016117373,0.7081478922462123,0.554631210350283,0.39935442570473256,0.01916937566703817,-0.4322717556489013,0.746627755747253,0.8842870075498396,0.6786220467979973
2026-01-10,-0.24610281162806827,1.0421529624156596,0.8267080176456567,-0.1447462484698494,-0.7419477484055483,-0.6779236758509631,-0.5292379914009832,-0.17603387465471138,-0.4540742848813116,-0.7669109708027841,-0.09622504486493763,-0.2155165206150968,-0.7919752035565087,-0.17206900453490084,0.4904623778276921,-0.1002765163804615,1.1149912263533153,-0.2382511944832489,-0.5231364029206327,1.7330529036402533,-0.313127280032468,0.8895793986724897,-0.362176674523392,-0.3813464658580195,-0.27451492448229287,-0.18652703287288322,-0.165376670031731,-0.16344152742928986,-1.084828103040346,0.06146950559231261,-0.5067444800839095,-0.28512713053361505,-0.923636960325969,0.05294809412411369,-0.4570676114525731,0.09664434642790518,0.12427684313002446,-0.9803509807466391,0.11235917512372585,-0.9628173534821579
2026-01-11,-0.2737284938829149,2.6327763579450134,1.3641848816646422,-0.14572075141783317,-0.5089735023109225,-0.6313362964836051,-1.0493309457409055,-0.19152165041290142,-0.9152809784377842,-1.0739705309583851,-0.09622504486493763,-0.2155165206150968,-1.055989972758103,-0.17206900453490084,0.41720209984775425,-1.2326653443010944,0.4343646634100731,-0.08553323808031904,0.08501077526047815,0.720932406637351,9.449176012544134,0.9214012519687881,-0.43181392703107246,-0.4794515320745279,-0.33109253304633457,-0.21417822668765377,-0.165376670031731,-0.16344152742928986,-1.4237056226468356,0.06134018717392341,-0.6850042148449353,2.816299495717595,-1.5265830860563876,-0.6892423925260491,0.11788933748689497,1.0405583727370107,0.13723812366473687,-0.6575894171838997,0.6177855350926559,-1.4613194809417955
2026-01-12,-0.14934077689260936,0.890089090797073,1.30682938278014,-0.14407251803667548,0.38791188813129934,0.7491409208331935,0.8706323510193115,-0.126280808149752,-0.7239860813742207,0.195689119248255,-0.09622504486493763,-0.2155165206150968,0.09479243406514878,-0.1720725045743686,0.5004571420973495,0.896559494561593,0.39801837632040954,-0.09251442006753739,0.482327308948433,0.8276478043785079,-0.3952125418043336,0.9532231052650866,-0.06349607128106739,0.042608131161487484,-0.07634553722082386,-0.07232685441444138,-0.165376670031731,-0.16344152742928986,0.5723281669573609,0.06166512118832314,0.051694601952162425,-0.4847430923738163,0.8757714952385429,0.4932865975436422,0.7689315277241687,0.5722616914172861,-0.6087108784222631,0.8609871003470848,0.8685619763597463,0.8527293300782859
2026-01-13,-0.14462499684958116,1.0650163609164838,1.217887713962411,-0.14311004598928412,0.7269304066458837,1.1860276594482995,0.8485144425564658,-0.1283722231243981,-0.7121168706666211,0.5246284422916592,-0.09622504486493763,-0.2155165206150968,0.49734330673598887,-0.1720655044954331,0.39267889903502,0.6824065421307932,-0.12829291871098814,-0.11361275398966633,0.08770880457149972,0.7393424114041386,-0.4009057227809878,0.985044958561385,-0.0375427825127587,0.0718574805817287,-0.06668758362216622,-0.06671682861793699,-0.165376670031731,-0.16344152742928986,1.7163585073867595,0.062155895451835454,0.10756220255249851,-0.4819073613623507,1.0384741085807223,0.4824491348970264,0.8306232107527722,0.7213987260226835,-0.6733914580385544,0.729199774912848,1.06366672432797,1.0912243004203315
2026-01-14,-0.14741248853009156,0.774763185732185,0.8885039124929945,-0.14392213177927057,0.007535453036511088,0.339906362197017,0.6713564378783338,-0.13278115198986828,-0.6996854053058397,0.5631995396626704,-0.09622504486493763,-0.2155165206150968,0.5628115613161937,-0.17206200445596534,0.37215955205495954,0.6800961735317321,-0.3034280045662465,-0.09906720524373436,0.37830333268769306,0.6543340704536692,-0.4113721122180483,1.0168668118576834,-0.05435983372857231,0.04808109667716752,-0.07239638790510015,-0.0694744679650187,-0.165376670031731,-0.16344152742928986,1.6537751077330303,0.06151107106839974,0.09270103056509829,-0.2509978992890425,-0.09797548530126769,-2.173206294890655,-1.6692646714349408,-1.8812611099199932,2.1945508328013683,-0.730411532712495,1.0837118785880058,1.0969931394345351
2026-01-15,-0.1455366705992069,0.9792791255279119,0.9943744445354511,-0.14333261765024338,-0.33174221113902524,-0.14487416033864395,1.3703252926993277,-0.12812351431660238,0.7413984354054594,0.45410178700749265,-0.09622504486493763,-0.2155165206150968,0.3972449062719522,-0.1720725045743686,0.4287750171742849,0.5524471822968297,-0.43290977060477415,-0.08075338059991455,0.2352392870566841,0.8172939381986694,0.09113035844819496,1.048688665153982,-0.04460743131788571,0.06632954984566163,-0.06855469843470226,-0.06720552419843248,-0.165376670031731,-0.16344152742928986,1.1515143517157167,0.06151718506936962,0.1091416956677583,-0.03499010971032939,1.0666289519218246,0.577318466789203,0.8266441211050934,0.5945023617848507,-0.6862439288553248,0.827305161570176,1.1416354441690792,1.136109589782458
2026-01-16,-0.15730972369689206,1.5714650455766006,1.6218689573306957,-0.14406650258637926,-0.05524397109553858,0.30913772416747026,0.5923332309431185,-0.13072365185264886,-0.6959400185814915,0.301436093348242,-0.09622504486493763,-0.2155165206150968,0.236546337166863,-0.1720725045743686,0.4747249852156063,0.3125002840995419,-0.004744431481336397,-0.09640268843848115,-0.17347446704069125,0.6228080394299103,-0.36468787310347434,1.0805105184502803,-0.0769879569690543,0.02042573864815019,-0.09266600122968205,-0.08126300217207326,-0.165376670031731,-0.16344152742928986,0.673968243802399,0.0627271896485433,0.07907557966198954,1.3338733001287084,1.0152785434346596,0.6261085858839057,0.5015580095588852,0.08438428302564673,-0.681609827323045,0.6800790632293543,1.1822121531968708,1.0461157011608808
2026-01-17,-0.2436498189492191,1.4526237885205024,0.8336702035718218,-0.14502295918347444,0.05583122987327436,0.5995199429959052,-0.41242107680109974,-0.1749259899654394,-0.9000529463992616,-0.6539306941040773,-0.09622504486493763,-0.2155165206150968,-0.6429114115791067,-0.1720725045743686,0.3628160378705685,-0.6268335477449675,-0.03694120951086141,-0.2150925234464566,0.8091425457610092,2.143617859483704,-0.4685518828025392,1.1123323717465787,-0.36833832310530723,-0.3728033001750068,-0.269491176713311,-0.18949909987263133,-0.165376670031731,-0.16344152742928986,-0.8938618127080636,0.06146243475829864,-0.5015135705316079,-0.5325511279058491,-0.8711360722281166,0.19895902247748404,-0.5570211688783031,-0.036275244428960844,0.01573507275907744,-0.9420807666681965,0.053875585317359406,-0.9399280890064466
2026-01-18,-0.27276434970165603,2.3250937756189747,2.599821208661697,-0.14564255056398262,-1.030408370725055,-1.6175003908170345,-1.388830103796817,-0.19087726850179423,-0.9964498930477412,-1.1320793651325332,-0.09622504486493763,-0.2155165206150968,-1.1273713221613164,-0.17207600461383638,0.589560072341177,-1.6671932225092612,-0.47538315388329117,-0.02178757597140362,-0.4264317343390501,-0.04299580232532646,-0.509045706869101,1.1441542250428773,-0.4326744331261331,-0.4767189754038584,-0.32911795838847274,-0.21430289392757607,-0.165376670031731,-0.16344152742928986,-1.6691716235109073,0.06422417927057947,-0.6840379367038353,-0.5567392732108017,-1.5114882830502365,-0.4913409299018074,0.08222234151763494,1.0104230928866078,-0.010494703950310592,-0.6208767631746758,0.6774087740032523,-1.4486280351105476
2026-01-19,-0.1495637762270502,0.5230987862067691,0.6054603621227561,-0.14413267253963744,0.4204187533081621,0.7925941154939788,0.6857438152279518,-0.12449462671194617,-0.7070527114999855,0.22652644767858102,-0.09622504486493763,-0.2155165206150968,0.13360261548440575,-0.17206200445596534,0.5056989875324507,0.7185827652767404,-0.008638722378971182,-0.05700539876347603,0.11186204311334069,0.7693483221950856,-0.412740743779547,1.1759760783391757,-0.06165820023853059,0.05510879271236641,-0.07680224156345858,-0.07071615367464501,-0.165376670031731,-0.16344152742928986,0.724904177409462,0.06151781755222858,0.058537523595626174,-0.4815381090686826,0.9480730308357069,0.4466745727622405,0.9364082773707081,0.7361657439655784,-0.7340774336920958,0.7574005967510857,1.1992150891078373,1.031153938040172
2026-01-20,-0.14281476695823794,0.9347985431500804,1.1673868612329152,-0.14339277215320534,-0.09116743360388442,0.12167089902005,0.7160217287547598,-0.121193582535748,-0.7032785379910205,0.33153836183880625,-0.09622504486493763,-0.2155165206150968,0.24584277758413903,-0.17206900453490084,0.48933823949258337,0.5019235474891902,-0.04062981055053953,-0.06670667097714096,0.5676740696919942,0.8609656927288555,-0.4000633480113887,1.207797931635474,-0.02612248557213985,0.07843760267949035,-0.0629802189584256,-0.06455260533288551,-0.165376670031731,-0.16344152742928986,0.997721441825904,0.061543798001972794,0.11098598615822342,-0.46231319153809675,1.0452256553293366,0.48976458404884804,0.8919092989635408,0.7247066135375921,-0.6820966756281809,0.6060173371052958,1.2413560060538678,1.1751516034979397
2026-01-21,-0.14793063404246878,1.221651792642801,1.2610112888299823,-0.14394017813015916,-0.25108396033949204,-0.11115885976307625,1.0490787775496482,-0.12781828077976212,-0.6342076032379355,0.23352906657280112,-0.09622504486493763,-0.2155165206150968,0.12905527484623902,-0.1720725045743686,0.5257282453927338,0.8329280789516513,-0.08094192073455908,-0.054501959600876684,-0.5825060009426009,0.8419784171419997,0.020819238566331888,1.2396197849317725,-0.05234136264139317,0.04550558349331809,-0.07345755387769258,-0.06828763584095822,-0.165376670031731,-0.16344152742928986,0.59037884195008,0.061515109228192304,0.08265266701125437,-0.41759673058930286,-0.11502847388884241,-2.11241960679657,-1.6020762964251274,-1.8087043837880863,2.2421565356601607,-1.2271468873718077,1.1870724952967189,1.136556209577106
2026-01-22,-0.14612040415112557,1.0373445507128192,1.1986063280862616,-0.14415071889052603,-0.43836452449862584,-0.38109734892416086,0.8238196903892111,-0.1284626626908693,-0.6861147512849499,0.29092630016696697,-0.09622504486493763,-0.2155165206150968,0.18761715883264116,-0.17207600461383638,0.5041285002283721,0.7158220502744543,-0.1357551928656984,-0.06361201742011079,-0.5256157324228712,0.7117732037661685,-0.3968531905292245,1.271441638228071,-0.055963987066277844,0.06999651526291066,-0.06975018921395196,-0.06894089217815118,-0.165376670031731,-0.16344152742928986,0.7317130195014186,0.061534408064144355,0.0959018269074924,-0.43425029552963545,1.022980010749309,0.48482236910210297,0.9703065417040707,0.7493992221191214,-0.6762750589452686,0.5090451810507284,1.2562821439232355,1.1479822326568514
2026-01-23,-0.15525681805924557,0.5207862278257422,0.739995890857697,-0.14392213177927057,0.18268402028706338,0.5804181446704723,1.054447201933834,-0.13269071242339708,0.6034440476640024,0.25752799162736445,-0.09622504486493763,-0.2155165206150968,0.17469940050101163,-0.1720655044954331,0.4832767072712652,0.5424053012135145,0.3558056194798453,-0.09090041111000424,0.4325325083221465,0.8401646329085128,-0.017641652798766595,1.3032634915243695,-0.08783458317963277,0.03769267002401876,-0.08846163478130953,-0.08230522029782386,-0.165376670031731,-0.16344152742928986,0.6316375276477237,0.06387628126314733,0.05901137153020411,0.02941988875673148,0.9538892431306245,0.5692019840813863,0.5746663577405007,0.17144604417983078,-0.6282030477115222,0.2931749039690218,1.1555783608742174,0.9938611851870619
2026-01-24,-0.24202979437254601,0.7398479768712763,0.846711625749743,-0.14515529908999072,-0.3549574166616933,0.02464596532019662,-0.7817686744330842,-0.174858160290586,-0.24163499067991662,-0.707476682801087,-0.09622504486493763,-0.2155165206150968,-0.7059430365340823,-0.1720655044954331,0.419555105122408,-0.5831049719621773,0.22272613706474398,-0.21568438630250183,-0.7406947102879576,1.81997254739795,-0.2700540281211684,1.3350853448206679,-0.3647263222124604,-0.3745700394017327,-0.2661733539888764,-0.1877238383761375,-0.165376670031731,-0.16344152742928986,-0.9049877504242821,0.061615771307816807,-0.5079198087843823,0.003580342855415422,-0.8900633762511694,0.24502619511865906,-0.5589401582841876,0.0029662835088995186,0.06146559460336003,-1.1283352470792585,0.2969652470580293,-0.9274599530725226
2026-01-25,-0.2745876972009076,0.4462190607613426,-0.03234784143163623,-0.14570270506694458,-1.4988981539349648,-3.9762494475579317,-1.1674362821929936,-0.1926860598312179,-0.6786546846476585,-1.1473983270686325,-0.09622504486493763,-0.2155165206150968,-1.1436724260872133,-0.1720725045743686,0.6031311480836117,-1.4840513431333135,-0.2781759849036483,-0.025109625622866415,1.1828882440080086,-0.33889478284217683,-0.3656457123655885,1.3669071981169665,-0.43499036311037015,-0.4788233581272475,-0.33285218801354477,-0.21536505881171425,-0.165376670031731,-0.16344152742928986,-1.6802685874309897,-9.899056782520601,-0.6909366051631317,-0.1613262853745326,-1.5109157781409563,-0.37345927878243373,0.042928006586565114,0.9858841357702551,0.039518988349061354,-0.769171614436391,0.8915152955776763,-1.4492979648025195
2026-01-26,-0.1539516160723713,1.7234491797005522,1.3471607698789392,-0.14384994637571621,0.301663377802622,0.6328350498768106,0.8732091947237206,-0.12611123396261856,1.2112104030667115,0.2120715721610312,-0.09622504486493763,-0.2155165206150968,0.12474073321685214,-0.1720655044954331,0.4895428768189896,0.7601338825792899,0.4183961507037878,-0.08991569242694161,0.295503270851893,0.7840764021360938,0.4160517505429843,1.3987290514132649,-0.07025263765709863,0.04622798353269049,-0.08578857112882987,-0.07189301241951171,-0.165376670031731,-0.16344152742928986,0.5277374947040787,0.06146154279529295,0.04610133809694833,0.42804504139548827,0.8785975545040985,0.4654169807510502,0.7467089514068538,0.5099928029417071,-0.6399587871335667,0.3102947409704819,1.1983002232810078,0.9422393805889944
2026-01-27,-0.15100671309696145,1.0175230703648728,1.1852380982564665,-0.1434048030537977,-0.42866942012531334,-0.37805334294385046,1.0243840253823933,-0.12331891234782079,1.3545325184655614,0.32636557300739744,-0.09622504486493763,-0.2155165206150968,0.23613764557367167,-0.17206200445596534,0.48322987731663336,0.9298483984816566,0.08509450135327909,-0.07930966727576333,-0.7607581141854208,-0.7615288443703392,0.431718113675961,1.4305509047095633,-0.043460089857804925,0.07496694162076642,-0.07975738730991849,-0.06804328805071047,-0.165376670031731,-0.16344152742928986,0.555784129363713,0.06146233745324446,0.10224302720846186,0.5087328913444211,1.0236053903158158,0.5298632152355134,0.9295717070592115,0.8046254880041939,-0.6219752357316901,0.6065083571386622,1.385022013139774,1.1730301594733614
2026-01-28,-0.14911777755816852,1.2948702596722568,1.3088617363507342,-0.14335066400113194,0.1844175346998097,0.5049639459274179,0.5195373962935588,-0.12594165977548508,1.3926366347814279,0.24589214917666707,-0.09622504486493763,-0.2155165206150968,0.1489156169508148,-0.1720725045743686,0.5196499364448371,0.7956014793721279,-0.18774298774632484,-0.06430207217672576,0.1718064929514977,0.675613629374592,0.4623410808100632,1.4623727580058616,-0.05446606904895016,0.04615731396362145,-0.07588883287818915,-0.07013271099180855,-0.165376670031731,-0.16344152742928986,0.5179443516101155,0.06282670028501539,0.08901244958416807,0.5109269861268586,-0.10507709874600238,-2.160811904376387,-1.630383973565463,-1.8233730272199853,2.220743567749711,-0.9827314018192349,1.3144265563863002,1.1560958255929572
2026-01-29,-0.1477601051396611,1.4633205534446458,1.3229520739658158,-0.14380783822364285,-0.09747177607021494,0.13061543521770622,0.8979039468909754,-0.12988708586279044,1.3742713470564947,0.3864880022292972,-0.09622504486493763,-0.2155165206150968,0.3175862587787879,-0.1720655044954331,0.45614365216217334,0.7386056662588751,-0.12024008145894628,-0.07217730851120949,0.05981244730141328,0.7751252360136635,0.487276728184969,1.4941946113021602,-0.05364805708204072,0.07418957636100698,-0.07310830938038368,-0.07006788402704894,-0.165376670031731,-0.16344152742928986,0.6981034159836751,0.061616647053314606,0.09936742062509182,0.5319342028685748,1.0447351973019596,0.4834434009217935,0.8530324012048571,0.6335575799184993,-0.6264042685736142,0.6697278438007879,1.2674433588945808,1.1473495212811
2026-01-30,-0.1545484672321982,1.163447959404793,1.1152213882693314,-0.1433145712993548,-0.3861876996288093,-0.18421734332049589,0.5766574317412959,-0.13238547888655686,1.298403095338445,0.31738454810509503,-0.09622504486493763,-0.2155165206150968,0.2673896191745423,-0.17207600461383638,0.45448332047564266,0.5148206008902162,0.3825689255795727,-0.09352239111885167,0.33556524252192776,0.740001249839329,0.4500090345366967,1.5260164645984586,-0.07094316723955466,0.042914365960786655,-0.08701092686941103,-0.07852530958337912,-0.165376670031731,-0.16344152742928986,0.582266179032004,0.06163291321504526,0.06035858624616099,0.4881370499800176,0.9786400525047639,0.6676392331540713,0.48702383164046376,0.08489875983041217,-0.5877918289615078,0.36586333484053757,1.4757252060289952,1.0947228221450744
2026-01-31,-0.2422462349030327,3.435945635642403,2.1158793256914334,-0.1446259394639255,-0.375250078255515,-0.0003229672958798034,-0.961288785840258,-0.17636171808316942,-0.189736121897352,-0.7146552468936543,-0.09622504486493763,-0.2155165206150968,-0.7109197620106652,-0.17206900453490084,0.43843237744345753,-0.6683755548499933,0.24114460528322826,-0.21507563665490784,0.18580412902383509,1.7989334916975757,-0.1507325114959443,1.557838317894757,-0.3564399672229881,-0.3701649695964293,-0.26661662585084545,-0.18399878124725857,-0.165376670031731,-0.16344152742928986,-1.0382382388536808,0.06138092555704322,-0.5021453677777119,0.020255152149243085,-0.8717979170754693,0.24091536653948536,-0.6514334117575015,-0.15855680676722628,0.0992880156236806,-1.3046842104731748,0.36584920395170206,-0.9040496321697219
2026-02-01,-0.2718329995401679,1.7471381575654745,1.4719069847041284,-0.1453417780491728,-1.0249288045601024,-1.6172748762261075,-1.1399499493459622,-0.19132946633415016,-0.6966792969811338,-1.1090344540423414,-0.09622504486493763,-0.2155165206150968,-1.1042259273772914,-0.1720725045743686,0.5218385513372398,-1.6763179041893526,-0.2885420471245809,-0.020620017546765235,1.5178036305909965,-0.09298906383453136,-0.35235077097077405,1.5896601711910556,-0.4297423382837044,-0.4723217577728959,-0.3272105461339395,-0.21326566249142237,-0.165376670031731,-0.16344152742928986,-1.6220312571976583,0.061054223834141705,-0.6813435072719215,-0.13200322757769176,-1.515256969825658,-0.47428798208805906,0.012021088991578815,0.9284997434902962,0.06068503012016198,-0.22758714015871293,0.9638717228541477,-1.4384302164660843
2026-02-02,-0.15317111840182837,1.2747652780001106,1.1061598383965756,-0.14306793783721075,0.04881123978435198,0.29535094992735833,0.475516316343235,-0.1300001353208794,1.2041604323639132,0.10436574151944493,-0.09622504486493763,-0.2155165206150968,0.01501997372324764,-0.1720725045743686,0.5314211577845082,0.9731403984695901,0.028872166350455784,-0.03954144671743278,0.1037583079196749,0.8377766420599763,0.41669038462125696,1.621482024487354,-0.07799719251264388,0.04662844442408171,-0.08419010592960838,-0.07406222239416008,-0.165376670031731,-0.16344152742928986,0.3639486251473511,0.0615251316488797,0.009340958623269679,0.4654698268506553,0.8668994924087409,0.43540522952471666,0.9677483768308902,0.7321672202230363,-0.6856291870323964,0.6549928585746994,1.7742553253405908,1.0846738767654938
2026-02-03,-0.14717637158774244,1.2308545954773258,1.2368736265779092,-0.14323035499520803,-0.24157714524028687,-0.09326695757048058,0.6129479805783921,-0.13273593220663268,1.2874824187160157,0.29023424905346784,-0.09622504486493763,-0.2155165206150968,0.21447181782322539,-0.1720655044954331,0.4891757719027267,1.0773282816596361,0.3589133353052326,-0.07035753304997672,-0.5543614187731865,0.8132503108509331,0.5107205838615649,1.6533038777836524,-0.055963987066277844,0.08023575060358033,-0.071912818601134,-0.07004295057906448,-0.165376670031731,-0.16344152742928986,0.45298510067323544,0.06162062034306879,0.06669049541115835,0.5057276693555073,1.0037463983671508,0.37182179135839033,0.8881827178612445,0.6914881979513442,-0.5557753411591041,0.4733467405359233,2.048514233854571,1.3477329358131807
2026-02-04,-0.14488734900774686,1.4901745857412392,1.6906545950558758,-0.14312207688987652,-0.17106829407711455,0.02966726632189013,0.9988303253136688,-0.13462385815671862,1.3188396562174474,0.31376007701914194,-0.09622504486493763,-0.2155165206150968,0.2501314526569948,-0.17205150433756206,0.47265332705847374,0.9082007676492889,0.05258641342793369,-0.0707850635183002,-0.498743334409804,0.7463469011424926,0.5061015716538213,1.6851257310799508,-0.05087531522017884,0.060181297336655226,-0.0672248828487953,-0.06508119443015616,-0.165376670031731,-0.16344152742928986,0.21670379318427135,0.06261476987474542,0.05800328327722948,0.5124733436817557,-0.1245422656615319,-2.2054817958243236,-1.6144830938175605,-1.8087900797843277,2.2236699452376323,-1.2746795703293996,2.325855472747808,1.4325906967963056
2026-02-05,-0.14288035499777935,1.4500219495122983,1.1896471702953773,-0.14301379878454498,-0.11614213697723355,0.123479690511133,0.9447166075210758,-0.13292811628538395,1.3673448436082474,0.4279133217068304,-0.09622504486493763,-0.2155165206150968,0.3700746752916886,-0.1720725045743686,0.4359633099356007,0.7529486067917941,-0.01951999239786425,-0.07520522697185351,1.0922092765078002,0.8077296284950737,0.5149069547023016,1.7169475843762494,-0.046211584655591234,0.09461308182195931,-0.06311454376508287,-0.06197448681129194,-0.165376670031731,-0.16344152742928986,1.1888326011388664,0.061603721698479184,0.08537032428309842,0.4023755812916901,1.0328493390102458,0.41792572812280393,0.8450852808188235,0.6260216160505031,-0.6070413935500101,0.2458317522180011,2.791346978780603,1.6052092474277673
