date,bronze_correction_trips_removed,bronze_distance_km_mean,bronze_duplicate_rows_removed,bronze_duration_mean,bronze_excessive_daily_events_units,bronze_idle_time_invalid_corrected,bronze_ingestion_duration_sec,bronze_invalid_avg_speed_rows,bronze_negative_fuel_events,bronze_null_primary_key_rows,bronze_rows_dropped_by_rules,bronze_start_after_end_rows,bronze_survival_rate,p95_fuel_per_100km,p95_idling_per_100km,raw_avg_speed_mean,raw_distance_mean,raw_ingestion_duration_sec,raw_max_trip_end_ts,raw_min_trip_start_ts,raw_null_count_avg_speed,raw_null_count_distance,raw_null_count_fuel_consumption_fms_low,raw_null_count_gps_coverage,raw_null_count_idle_time,raw_null_count_max_speed,raw_null_count_start,raw_null_count_start_longitude,raw_null_count_unit_id,raw_poor_gps_coverage_count,silver_avg_speed_imputed,silver_fuel_fms_low_available,silver_ingestion_duration_sec,silver_ml_imputation_count,silver_ml_imputed_fuel_p95,silver_ml_large_error_count,silver_null_vehicle_fuel_subtype_rows,silver_vehicle_info_join_miss_rate,silver_vehicle_type_nulls
2025-10-23,-0.12533065299676108,-0.9625450467168177,-0.14605131849386732,-0.1361713574728806,-0.3417902100481239,-0.1253684315677207,1.995815683780021,-0.09772513749352611,-0.0971285862357264,4.114499767010043,-0.16943771940540855,-0.17371425449236627,-1.3310752664821568,0.5500593004111999,-0.6558598051317112,-0.05569826184499972,-0.6633137232034726,1.3327132238444506,-1.719860793564769,-0.13583124082246906,0.018990314169029816,0.5481442135999365,0.7730126173381098,0.009873366115883563,-0.02501065839933912,-0.05568107581908237,-0.11890405309422199,0.8821581821740107,5.594492697507909,0.23309227251881418,-0.08447091246592145,0.38569732532951645,-0.6348746807022598,0.18688840349949018,0.5474084832429177,0.27063480044345734,0.18364983010293537,-1.6548591067292937,-0.23189094545086975
2025-10-24,-0.13559260293575237,-0.9691637500446199,-0.1464507142373574,-0.4581026979913289,-1.33388250583145,-0.1424951228977433,-0.8655304736132607,-0.45958465868617315,-0.0971285862357264,6.388684357290222,-0.5075845767122916,-0.17372119197295083,-2.4027877844919288,0.46114905749608287,-0.07730386658677256,-0.08582756703568462,-0.6860450060800609,-0.32253385561454284,-1.6874386426923147,-0.13331824487708374,-0.017552803090726262,0.23332663252963662,0.6369212617747528,-0.029755184608646967,-0.04602447209554945,-0.06957456294917815,9.955871493827688,0.8806116519532711,-0.1453281850752389,-0.09605779682193948,-0.2605822371812939,-0.08170799946265035,-0.6699035111209731,-0.33193653156515546,0.27567158927875574,-0.22940880750552603,-0.3445976642393242,-1.7364482666847736,-0.6478229037755572
2025-10-25,-0.23286990926052864,-0.9638980328937775,-0.1470825940703417,-1.051297366761136,-1.7581881912080648,-0.1739593975517875,-1.0670762653412544,-0.9751964313579718,-0.0971285862357264,2.4236054840148147,-0.9804829566559676,-0.1737246607132431,-2.427882375058116,-0.953304906425158,-0.15659505404876267,-0.1795860830684672,-0.6866176801739684,-0.4122064885151674,-1.6550164918198607,-0.13182112360320536,-0.3167601007463558,-1.0895974292152286,-1.051884512407476,-0.37265028281931284,-0.2452231822949644,-0.1796404280975223,2.52905408106562,-0.686296378753695,1.0052631675769645,-1.2048160323142285,-0.5934675153340538,-1.3397085076303108,-0.7750689329435825,-1.3652392541323517,-0.3014571879505828,-1.2911702969688845,-1.414007463857965,-2.3476112039405677,-1.4847398201846629
2025-10-26,-0.2664113428483273,-0.873180185378882,-0.14685010998084747,1.2985658734185939,-1.0674481627445884,-0.19043641713744036,-1.1031519900168443,-1.0877012899303609,-0.0971285862357264,-0.18674468208153366,-1.0938953632218036,-0.17372812945353538,0.5350516379632456,-1.830948538935883,-2.8446627453363336,0.005496942817821765,-0.6653175029336247,-0.4635038858378017,-1.6225943409474066,-0.13126199779491557,-0.4132751886703084,-1.7808252514769207,-1.6379604249349076,-0.4734875962255486,1.1558485582431173,-0.20865271701214622,-0.11890405309422199,-1.6679791794596213,-0.1453281850752389,-1.6712862158678072,-0.6572997040351636,-1.4168596927666088,-0.7841895303833777,-1.4659318411572344,0.5032141741139572,-1.473062803547371,-1.47384422155057,-1.6265362477022862,-1.5417981459387013
2025-10-27,-0.1341043277387739,-0.9763145750543487,-0.14547904996588157,0.19843711713773646,0.6780248013383627,-0.09158550086049491,-0.7469849387444201,-0.06897355165680871,-0.0971285862357264,-0.18674468208153366,0.020887726886047415,-0.17371772323265855,0.5440758374373141,0.8337516205188842,-0.3979099122675965,-0.0596933402263013,-0.7008730144115946,-0.34801364716539374,-1.5901721900749524,-0.1291783821447859,6.115323216265417,0.40329361524511825,0.6412470394337992,-0.017697027242525584,-0.042976870235871066,-0.060656446210265315,-0.11890405309422199,0.714314167040804,-0.1453281850752389,0.25660912979222456,2.469097287410006,1.0476163271349297,-0.6262310491407513,0.7523560939639931,0.5860623428784415,0.9350153576179246,0.8135268084650779,-1.5647428522914,0.2810807381866007
2025-10-28,-0.13654145961155525,-0.977698322118918,-0.14378608890392366,-0.4132789990764706,1.1766104346287887,-0.09323208269536301,-0.7076534093289445,0.20581416359315452,-0.0971285862357264,-0.18674468208153366,0.04677133178171974,-0.1737246607132431,0.5574414016686963,0.8389274328127438,-0.42948403781800115,-0.06169738238890393,-0.6927004257646973,-0.3436402321566484,-1.5577500392024983,-0.12783848659524563,0.01548545874060275,0.3370994801266523,0.772175973922695,9.410762924280549,-0.047967484634907714,-0.061931168713666704,-0.11890405309422199,0.6694647906393563,-0.1453281850752389,-0.6411275618106438,0.16087399849525608,1.1692044139575055,-0.5206376484481352,0.8842203123549855,0.3808116196398507,1.10454648447688,0.9350075264400579,-1.6778035097867081,0.3548471580366827
2025-10-29,-0.13820520830337396,-0.9828922019639252,-0.14223023384346237,-0.444963559063752,1.0729147808459751,-0.11047078639510455,1.0446034915936064,0.04971144577017962,-0.0971285862357264,-0.18674468208153366,0.16713111923404242,-0.17372812945353538,0.521690970559635,0.5374556958113863,-2.60441356920262,-0.06851748652410629,-0.6974336633429109,0.14835996973366564,-1.525327888330044,-0.12778583878473235,6.512782241922148,0.52496907650379,0.8130944609635179,0.0037820517819009553,8.206122790524857,-0.06434227174335616,-0.11890405309422199,0.7197725089963554,-0.1453281850752389,0.2725352840480299,2.6665151470738317,1.251807979668807,0.1864576689166994,1.420716669502226,-2.3120251216542633,0.09175996754429787,0.9569832343518038,-1.5261699706482605,0.4230442131880835
2025-10-30,-0.13566409213735398,-0.9684834794469325,-0.14527041039838676,-0.16817358241098085,1.3363863909676137,-0.09387055320276085,1.0811181787918183,0.19112278087739615,-0.0971285862357264,-0.18674468208153366,0.025427092273530724,-0.17369691079090485,0.5667079606754778,0.48024579206417484,-0.49842176075172556,-0.0623416600624979,-0.6956800445505775,0.14560223531564362,-1.49290573745759,-0.1250764940979871,0.005076143369088129,0.2531465274401983,0.7840841025350398,0.008644212010175706,-0.04617086345125452,10.03392046607432,-0.11890405309422199,0.7458815780170764,-0.1453281850752389,-0.051630701047201945,0.15842634645626297,1.1901960791712687,0.13983436993512063,0.9140780005542735,0.3790498863695891,1.1124494829748166,0.9557359224094669,-1.4592209619445995,0.43492060678394673
2025-10-31,-0.15707185850786526,-0.9787880949575657,-0.14562807822837787,0.40554646608077,0.7465909071049578,-0.11730354094795857,0.8083592594169156,-0.14097449267336404,-0.0971285862357264,-0.18674468208153366,-0.07957775379472032,-0.1737246607132431,0.5432817050866235,0.06551738889329564,-1.8475971880793902,-0.08727500732551562,-0.7008617916607357,0.08838034299022564,-1.4604835865851358,-0.12390353724358243,4.623086285974243,0.034672329127404956,0.42871081180088016,3.3978810693722865,5.903719472910627,2.1244254375853893,-0.11890405309422199,0.6472675333534471,-0.1453281850752389,-0.5076744095124477,1.8467127437505482,0.5589467181002497,0.07606290663097058,0.4250016295954,-0.05334943910396873,0.8597025071044847,0.5213416530949649,-1.8672976560673062,0.027951268471044195
2025-11-01,-0.23981086083420988,-0.9252003508747897,0.6121508309127743,-0.20361008452730237,-0.9506318344015006,-0.15706793219817458,-0.5674691247811305,-0.8284762175730261,-0.0971285862357264,-0.18674468208153366,-0.8516285102731175,-0.17372812945353538,-0.1760075371945822,-1.3340475439690074,0.0031083350355712715,-0.22467499138786412,-0.69468350624538,-0.24232623889657032,-1.4280614357126817,-0.1222788395273242,-0.3322214599786662,-1.1349411307518462,-1.15400036927325,-0.3918733194978199,-0.2594364521034208,-0.18502588363514832,-0.11890405309422199,-0.7964639138899082,-0.1453281850752389,-1.3353188358923742,-0.519149990172671,-1.1471031638183156,-0.3886424266868785,-1.1423922660170578,-0.4557231255969855,-1.0371751923702577,-1.226524970061423,-2.048451889124767,-1.2777881292952578
2025-11-02,-0.25838505521396743,-0.8477147778798294,0.9354169767892339,0.32890624576936184,-1.3038319286127573,-0.1876585103684112,-0.8537126191649911,-1.0732809659362954,-0.0971285862357264,-0.18674468208153366,-1.0724998893412951,-0.17372119197295083,-0.9578213898363691,-1.985988474771663,-1.356561635071634,-0.02642052300224733,-0.7140445036596844,-0.3437723834943637,-1.3956392848402275,-0.12369870360819246,-0.39710864831576187,-1.6112656910268315,-1.5107438256008126,-0.43946025408399053,-0.2974715879766121,-0.2018986640580776,-0.11890405309422199,-1.1749089561414745,-0.1453281850752389,-1.4580590714789314,-0.6577781924036886,-1.4214942162553619,-0.45819611622012824,-1.4653862206896557,0.6299659265631379,-1.4782515308370507,-1.4774617372337067,-1.2055318419287548,-1.5237622562853563
2025-11-03,-0.06874370041994207,-0.980488224589289,9.311657770742396,-0.5453321620775862,0.7937830107652996,-0.09553953751157274,1.3353169150494006,0.14002046730336792,-0.0971285862357264,-0.18674468208153366,-0.03966617775804427,-0.17371772323265855,-1.537772604964334,0.5716128301136746,-0.6646305015284658,-0.05129747080432031,-0.6810228110389859,0.40379684112048847,-1.3632171339677734,-0.12057248268055157,0.19237014441671468,1.1692714401985176,1.8319605402626657,0.29073507927012887,0.0908647537937599,0.009517521680470958,-0.11890405309422199,2.4860009934468748,-0.1453281850752389,1.0345845786909165,0.14278345748525437,1.090008586105581,0.15562869911753077,0.8006757971682856,0.6950831697300727,1.0350291661952602,0.8660787667338601,-1.0063789169630835,0.4968843994580156
2025-11-04,-0.10499522465027358,-0.9698416068486089,4.107113953931846,0.1252235266354223,1.1029653580646681,-0.08798990379251763,1.3403024550757363,0.26047121868881323,-0.0971285862357264,-0.18674468208153366,0.07960231756387894,-0.17371772323265855,-0.5108182666707837,0.5244775631848756,-0.5835344819213606,-0.06384811857110487,-0.7034981892684967,0.3075008013283071,-1.3307949830953192,-0.11926045011948955,0.10921139744974097,0.9721509617954103,1.369130410859336,0.17497676855536362,0.016631028146222707,-0.028338772199612217,-0.11890405309422199,1.4385451721765539,-0.1453281850752389,0.6608641927637724,0.2027325290417961,1.2140502441869085,0.23273200120952714,0.95510197864923,0.641651355836314,1.202963342323253,1.0284843805325967,-0.8730085587077042,0.6768006974723657
2025-11-05,-0.13062735293360586,-0.9635910658170181,-0.14527041039838676,-0.03322977153063327,0.8934578126667386,-0.08923324109639763,1.0637241715138843,0.2385232067665891,-0.0971285862357264,-0.18674468208153366,0.06408342618838576,-0.17371425449236627,0.5661932506730732,0.5089342443670519,-0.5953693051900539,-0.059168043583546485,-0.7015477597317671,0.1766966054235887,-1.2983728322228651,-0.11679436032700324,0.026505229411963524,0.464910241381822,0.8410989752858561,0.04899625217667352,-0.03585692702657878,-0.05651606846665925,-0.11890405309422199,0.8584143946673619,-0.1453281850752389,0.06999241220846249,0.19401851971500483,1.2426752422056764,0.20790747656539346,1.5465790627498546,-1.985216684913516,0.04777387636417304,1.0173518881594703,-0.8396303877905295,0.6766900478425906
2025-11-06,-0.13750981334234036,-0.9640673716555633,-0.1394225413780322,-0.4464973066779683,0.779604217288874,-0.11221817936271967,1.0893820158798035,1.2228845713969267,-0.0971285862357264,-0.18674468208153366,0.10230939137575933,-0.173710785752074,0.5553733998408792,-0.1330228716077256,-1.0966779421927446,-0.06096296522959451,-0.6644898251419968,0.22844457299691998,-1.265950681350411,-0.11544471990856758,-0.012027130117980888,0.43083056718252494,0.8521258203005524,0.05591218888537152,-0.04995042208945828,-0.0632207135717588,-0.11890405309422199,0.783089275680752,-0.1453281850752389,0.0362782331453638,1.317877276987419,1.211460363413782,0.2421694272489684,0.9683906208126634,0.8714929868875116,1.2039153357055334,1.02752323492117,-0.8348517807198343,0.6838085073581235
2025-11-07,-0.15068332349201444,-0.976607412532644,-0.14506177083089195,0.3414629434459454,0.7482838973707997,-0.12208646913495638,1.0035944071022733,-0.010405506433865855,-0.0971285862357264,-0.18674468208153366,0.07057994459846346,-0.1737038482714894,0.5464589128752784,0.2640596139304021,-0.11740992665091028,0.055843199479304,-0.6806718625991314,0.17485088921867403,-1.2335285304779569,-0.11455605485131515,-0.0602741489885805,0.4690803280981917,0.7220464892799779,0.010168985457762668,-0.07692635645438439,-0.07823575887345194,-0.11890405309422199,0.6932085781460051,-0.1453281850752389,0.2155047568478349,-0.06444801458303047,1.1340365592487336,0.16966183562572815,0.8352169132994823,0.6380448743308413,1.127347089338743,0.8761443563732669,-0.752669333183189,0.5920061978546964
2025-11-08,-0.2417735643690898,-0.9658899256795936,-0.14630764710536096,-0.6754569138796187,-0.9025932356082379,0.28650105188874214,-0.21828589001889037,-0.6971095442382601,-0.0971285862357264,-0.18674468208153366,-0.7209654905473988,-0.17371425449236627,0.47635375273947855,-0.8896580610879363,-0.053139857786889746,-0.19788460973160077,-0.6817206685300964,-0.06986890959648925,-1.2011063796055028,-0.11593413242399049,-0.35663967197251245,-0.9336505656323693,-1.0384629376168164,-0.3778469596712929,-0.26345556023277833,-0.18631542849324043,-0.11890405309422199,-0.8092910174854541,-0.1453281850752389,-1.0264201893193443,-0.4632358638007101,-0.9678561524150786,-0.22604947702040748,-0.947761650653683,-0.03207166844023168,-0.8174627502213009,-0.9952963536787811,-1.457688407429888,-1.056046271225911
2025-11-09,-0.2672367181759092,-0.835028230637174,-0.14674877076235,0.35499199602097864,-1.287113649737569,-0.18899145756806632,-0.7513996908249699,-1.071790142966984,-0.0971285862357264,-0.18674468208153366,-1.0716237815746366,-0.17372119197295083,0.5001723346448741,-1.9166434073678145,-0.9111815115901257,-0.026469899964312524,-0.6731725165186657,-0.1391878612445345,-1.1686842287330486,-0.11130246481893048,-0.41809568052081764,-1.734930331581243,-1.6383513865309232,-0.46903774718463154,-0.31559749947391325,-0.20944324259565095,-0.11890405309422199,-1.670708350437397,-0.1453281850752389,-1.5840647415711755,-0.6587949801868042,-1.4036376698722257,-0.1518383762401088,-1.451710076643126,0.5986578221082147,-1.4843468319774134,-1.4721365550758994,-0.9232531114871501,-1.5052100016930605
2025-11-10,-0.1516386791861447,-0.9749299001757327,-0.14447758004190647,0.16008418001014985,0.30218096232147124,-0.12228809140045044,1.5113638070542177,-0.1636156404696316,-0.0971285862357264,-0.18674468208153366,-0.04085993863308221,-0.17371772323265855,0.557675481536934,1.5664659478699932,0.7365075503646914,-0.05668471663951192,-0.680586178536472,0.3001131406329691,-1.1362620778605945,-0.10990448283319225,-0.06276859564484841,0.18678463021245315,0.5497029857251123,0.021558109576473444,-0.07888267729880677,-0.07296888217335162,-0.11890405309422199,0.4957985440868947,-0.1453281850752389,0.14483960837828141,-0.16061957580685177,1.0262157333780413,0.5929076465469496,0.6910261263858481,0.4082347974829553,0.8341185933463369,0.725073417681452,-0.38387778697158,0.5489266086622485
2025-11-11,-0.16610549398297475,-0.8754953895772178,-0.14420932916941315,-0.03331806501855744,-0.07450937182834122,-0.14077013240407196,1.2305797557074432,3.4491634257427988,-0.0971285862357264,-0.18674468208153366,-0.23890640483304534,-0.1736899733103203,0.5970197610300843,-2.2762233645703502,-3.0151692408084116,-0.07405730739332643,-0.6865961223189447,0.23930263221038486,-1.1038399269881403,-0.10862069603778277,-0.12746633233716426,-0.1041148672777493,0.307419836656857,-0.06705767787997086,-0.10850696437148834,-0.08399177327834582,-0.11890405309422199,0.07905413578054243,-0.1453281850752389,-0.1353002992148411,4.115446939712896,1.0165377578574102,0.5322200342088829,0.5878548635225371,1.8776513759862308,0.6099332357256741,0.4823359379904649,-0.19370705495417226,0.388373995858545
2025-11-12,-0.1392580492724155,-0.9702106473939985,-0.144859092393897,0.17618345939659574,0.8466889565728575,2.8249141732218983,1.7271122815047595,-0.14098223720826955,-0.0971285862357264,-0.18674468208153366,0.13988980347191066,-0.17371772323265855,0.5420854683408207,0.5574763582436264,0.17398219998204578,0.35969314109594647,-0.6681521705713033,0.512400550283647,-1.0714177761156862,-3.24793483590612,-0.005880476754012699,0.6105996502830364,0.8468762788704414,0.044569741504852184,-0.05353035615170057,-0.06251912211639836,-0.11890405309422199,0.7078551290600681,-0.1453281850752389,0.4094257358258962,-0.1883949054297867,1.2368139330875478,0.732517609466262,1.5083544517069234,-1.994170636059431,0.042129136977256024,1.013149597800126,-0.5686879356278192,0.7586076570861067
2025-11-13,-0.14023290202152805,-0.9818136184373634,-0.14260578506495303,1.599435180469924,-0.09736474041720625,-0.12624212805152826,1.6102439394635486,1.8047895628599178,-0.0971285862357264,-0.18674468208153366,3.2711553193198077,-0.17372119197295083,-0.5868253765396525,0.4860272988323943,-0.6289108871877762,-0.06843086748444309,-0.6914471030590758,0.3899120245826187,-1.0052420647493026,-0.10581074475039594,-0.0049753188956201235,0.7117122701471956,0.8853388358854641,0.06841377526431155,-0.05552660191131523,-0.06468812668613948,-0.11890405309422199,0.7222287628763535,-0.1453281850752389,0.6318190121605591,0.030927599643148312,0.7530514665703708,-0.2648664668043311,0.5304800875787574,0.5964097008149577,0.720807762698565,0.589626538556615,-0.5925854451637098,0.36454744224696845
2025-11-14,-0.15021539417244043,-0.9659911892047431,-0.14636725841035947,2.9097807394255515,-0.589390036427495,-0.14141980414844169,-0.7727363748796696,2.6705046527377947,-0.0971285862357264,-0.18674468208153366,5.117088766483619,-0.17372119197295083,-1.3556255916343272,0.3802460938252865,-0.1415640801790351,-0.09620580907883673,-0.6752717703480151,-0.37509774234005777,-0.9728199138768484,-0.10457038721521902,-0.04514959268032316,0.7614417525406847,0.761208889151957,0.025510073410015162,-0.07596815848976936,-0.0782999890771117,-0.11890405309422199,0.7566163171963276,-0.1453281850752389,0.616494385313696,-0.10044966346483698,0.34030625704261314,-0.6460871195196938,0.12243169658877268,0.3464404785894237,0.3163068646364753,0.1550891860766579,-0.5438792277109238,0.006079524985494874
2025-11-15,-0.2413446291594803,-0.9269662064221655,-0.14685607111134732,3.774387817283117,-1.7924712440913624,-0.185295049367342,-1.0595948844247312,0.5654897259424468,-0.0971285862357264,-0.18674468208153366,1.9218468899207057,-0.17372812945353538,-2.1006200171917073,-0.6191833167522894,-0.23413421590218375,-0.1925294988148885,-0.6628834390257623,-0.4379298106994703,-0.9403850042876157,-0.10300648727347661,-0.35686069889142225,-0.8899605191729328,-1.0338347587232828,-0.3663955999016602,-0.26257721209854784,-0.18658223087767328,-0.11890405309422199,-0.74943120070624,-0.1453281850752389,-1.0288835872797746,-0.5897638313276827,-1.3089025573815416,-0.7254202373193882,-1.314901868709177,-0.1479220652687736,-1.2259896355641784,-1.3550634206976557,-1.3221502354791226,-1.3629883442221025
2025-11-16,-0.2701417793682646,-0.8085365752535385,-0.14727931137683678,5.116247398334623,-1.8246380591423574,-0.19995746856354843,-1.1253230799319993,-0.3558311245570141,-0.0971285862357264,-0.18674468208153366,0.4587110555399822,-0.17372812945353538,-2.7455074205743824,-1.8266101900548901,-1.094780827966463,0.010460210476939173,-0.7179922072143285,-0.4680259124768135,-0.9079763626446918,-0.10416030526916696,-0.42312667419886013,-1.8080027131801577,-1.646521259882654,-0.4681742275280899,-0.32154631183756494,-0.21137014870544374,-0.11890405309422199,-1.7422126300551206,-0.1453281850752389,-1.6657292483756736,-0.7390660048565649,-1.6564918190380085,-0.7853255084545053,-1.7002101348238778,0.5465828031190876,-1.7085194721292287,-1.723182189874073,-0.796177349837939,-1.7076619409716107
2025-11-17,-0.14777176328133165,-0.9720446013155934,-0.14539559413888364,0.20753185828370244,0.1925598426082112,-0.12587248723145583,-0.7078484141361546,0.038799396088311656,-0.0971285862357264,-0.18674468208153366,-0.051403972456378656,1.1837286965277296,-0.21034976736954195,0.8183888688427772,-0.35491430930872164,-0.05308505473002322,-0.6665228793221479,-0.3520916846449401,-0.9093070217534155,-0.10213238369789597,-0.045686372340532716,0.4851135925421648,0.650479637123871,0.02850516411063241,-0.07096423578566861,-0.07130877844799167,-0.11890405309422199,0.6355320981490116,-0.1453281850752389,0.5892251427749791,-0.011055153845220303,0.726198492238479,-0.5983371556209126,0.4716176607274575,0.641651355836314,0.6765019180159949,0.5666430274794897,-0.4509540326355841,0.3528923479106555
2025-11-18,-0.143443417075272,-0.969702529799231,-0.14572941744687534,0.21221269243082727,-0.45437406272660713,-0.13779060336954874,0.42804880835707065,-0.08624386449610293,-0.0971285862357264,-0.18674468208153366,-0.15111118442682187,3.4358568936552913,-1.3249825927639285,0.8612494663970824,0.070811497411326,-0.07128531015431887,-0.6737899661311995,-0.32176678782692497,-0.8616201920245992,-0.09890627387681528,-0.015100456799964981,0.7673134263654581,0.8301304505092396,0.06892721938441737,-0.06210090461297951,-0.06680278262201465,-0.11890405309422199,0.6810182811119402,-0.1453281850752389,0.5260361206737082,-0.09310670734785766,0.35993482711262537,-0.039788130564787645,0.18926686333366932,0.6179130873502895,0.3387768153083098,0.24278361398265236,-0.4767786629526066,0.07910828063707608
2025-11-19,-0.14361239155178485,-0.9576349449543279,-0.14600959058036836,1.002997338780383,-1.2335728325803204,-0.1541892142963984,0.1793815366705382,-0.42669749120991174,-0.0971285862357264,-0.18674468208153366,-0.4827205358257719,5.497901591506144,-2.3917943685817646,0.9199395136743954,0.08952124608781825,-0.06591842475525346,-0.6791174580186763,0.14173515585019034,-0.8356663353024748,-0.09754344359491568,-0.031677475718201106,0.5435187725869517,0.7765643918374566,0.039435300303794045,-0.06244692054464606,-0.06998464809562123,-0.11890405309422199,0.6604585264126964,-0.1453281850752389,0.22885293649388758,-0.25168419386660845,-0.1380038288995605,-0.18257247338458904,0.07886000496357182,-1.9206149320424124,-0.8328236358075202,-0.2318356878463149,-0.40827958230979877,-0.3333197727447325
2025-11-20,-0.14131823808220667,-0.9352046491509844,-0.1464030251933586,-0.07317647143543737,-1.6841198670774837,-0.16812355308943183,-0.07567134797589999,-0.6052322543867054,-0.0971285862357264,-0.18674468208153366,-0.6193626068011442,7.775500748599925,-3.5206366532518643,0.7726544578010742,0.1718423919964367,-0.06901010423632105,-0.672705587626347,0.1876888281245018,-0.812040569136053,-0.09613659393797315,-0.02919355415330985,0.8412485845263803,0.8337707853701148,0.0742561469946065,-0.057749088857019557,-0.06623953314376753,-0.11890405309422199,0.6936634399756344,-0.1453281850752389,0.6569399425244823,-0.38871590125264366,-0.5564740380310718,-0.28229415270099045,-0.6804655241204294,0.6356394476584892,-0.5930630124114987,-0.6566185010465501,-0.3470665676896672,-0.7156511268277076
2025-11-21,-0.14962398350464548,-0.9989313963411204,-0.14438220195390886,-0.36348261472030047,-0.2664521432181614,-0.13656966853961253,0.7427084039062254,0.060542177835539696,-0.0971285862357264,-0.18674468208153366,2.9115566303228655,-0.173710785752074,-0.569161233694717,0.574666836537541,0.8347407320889437,-0.08812050233775515,-0.6960475069064985,0.12207627141324653,-0.7796184182635989,-0.09471513495221202,-0.06534724303212959,0.10530017713396507,0.6762888624844197,0.033235073580698084,-0.07475710272893646,-0.07878912678190526,-0.11890405309422199,0.7758114864066835,-0.1453281850752389,0.2501641932678429,-0.045170454351111076,0.5961592155246478,-0.39434723675720607,0.34918488184746554,0.43870072225002027,0.547466845529225,0.4038765952635183,-0.3762858902947759,0.2662905710066592
2025-11-22,-0.2420465231388413,-0.93301243976484,-0.14531213831188572,-0.8575947156333201,-0.8862982042995101,2.21584691287528,-1.0041439839831958,-0.6995258391287802,-0.0971285862357264,-0.18674468208153366,-0.7170204438788185,-0.17370731701178171,0.4666293649169239,-0.47556510497753407,-1.555169971845176,-0.20464494413604734,-0.6672761048198831,-0.4381530080303591,-0.7471962673911448,-0.09329316559688519,-0.3606392066956424,-0.881284821521635,-1.0462130492549615,-0.36811485975837815,-0.28735727612789785,-0.1874715721591161,-0.11890405309422199,-0.7944625218395394,-0.1453281850752389,-0.9923909244706092,-0.47789877178618195,-0.9827138894819628,-0.7337841750089269,-0.9880729816073124,-0.14981990857318708,-0.8221137102568681,-1.0023198708004686,-1.1893505715118802,-1.0322934840341846
2025-11-23,-0.26888096981274573,0.8777897198043301,-0.14702298276534317,-0.060560723992697046,-1.7389304269341137,-0.19705634818782844,-1.1133824068687685,-0.3358773303729596,-0.0971285862357264,-0.18674468208153366,-0.03911284653699665,-0.17371772323265855,-1.6602623239421426,-1.6059349930206692,-0.2235851001362413,-0.04702357870854458,-0.7204537056742571,-0.47084879213355363,-0.7147741165186906,-0.09893526924776747,-0.4197060195014463,-1.8421303194106773,-1.6411975581497997,-0.47152717322150817,-0.31896450065513,-0.20996696579472282,-0.11890405309422199,-1.7153757821069928,-0.1453281850752389,-1.5840074532465143,-0.7166322617322597,-1.5798858719592106,-0.7795070906019245,-1.6161133181026495,0.7031945270188275,-1.636885603675173,-1.634937202831436,-0.46902948878245504,-1.6240845872814678
2025-11-24,-0.14129874102722442,-0.9621473398663751,-0.14477563656689907,-0.4987844991227378,1.3308841726036276,-0.11584738014161264,-0.7242949282433299,0.2174116046141604,10.295630140986999,-0.18674468208153366,0.0867085250045554,-0.173710785752074,0.523233088954591,0.7785310297128344,0.21731891974404963,-0.07802489515619171,-0.6992359798442993,-0.3752239177443561,-0.6823519656462365,-0.09058849398147602,-0.03500340459322499,0.5508284073484043,0.6840987343665228,0.057242475923827495,-0.05770916394182726,-0.062296786796037645,-0.11890405309422199,0.735328783569677,-0.1453281850752389,0.45883691584615555,0.09015893864690257,0.9306627638011067,-0.6291789570781182,-0.051788259242531325,0.629755488498342,1.8269768365952714,0.8715283690355414,-0.28521697131119816,0.6889352735377041
2025-11-25,-0.14199413598825802,-0.9732650640095634,-0.1445610358689044,0.17434514494046208,-0.3039095528499124,9.579797726647326,-0.7301624274428983,0.14046190579298218,-0.0971285862357264,-0.18674468208153366,4.744748089090885,-0.17371772323265855,-1.1499389679849807,0.8803800545513277,-3.983827911148333,-0.09036565513877022,-0.6939070778828856,-0.3843939800082791,-0.6499298147737823,-0.08925660485449789,-0.013847970926142697,0.09099246581400701,0.8498174908772996,0.07857374527731448,-0.13892974974801575,-0.0646041333428921,-0.11890405309422199,0.6705564590304666,-0.1453281850752389,0.4983372157000324,-0.06579146269465827,0.41323184723328366,-0.6427303396405776,0.16566933486647645,0.20487928841664388,0.47314959114839866,0.3336009874998843,-0.3785227593576715,0.18160672101876504
2025-11-26,-0.13919305908914134,-0.5086744991668278,-0.14336880976893404,0.5354436377588732,0.9271059942003455,-0.11995823411029694,-0.6999372750951542,6.794210048004188,-0.0971285862357264,-0.18674468208153366,0.2823316053938192,-0.17372119197295083,0.4809112015986985,0.8532392860740153,0.13446068774819173,10.265516652911662,-0.6794137041295598,-0.36440366576534455,-0.6175076639013282,-0.08806044213390211,-0.24671561763469776,0.810811744700004,0.8158340721473846,0.059327370229711705,-0.05339727310105959,-0.06343810810722261,-0.11890405309422199,0.7376940650837492,-0.1453281850752389,0.7012238174875668,7.580622897773138,1.051160374508682,-0.5882954899784142,1.4600458836142143,-1.9114534201977416,-0.07830165944371438,0.9676615931997902,-0.26841462711607406,0.8004332171411032
2025-11-27,3.9697852823468884,-0.5162100504915886,-0.14360129385842826,0.16774801680973883,0.021779449541414215,-0.13074502531422877,-0.7518995933789595,0.2088538935435684,-0.0971285862357264,-0.18674468208153366,0.16709525517341897,-0.17371772323265855,-0.6490813264123799,0.8365979550633011,0.041560743093163245,-0.09747799104829875,-0.6744188518750829,-0.3858463436338466,-0.5850855130288741,-0.08785956386264644,-0.02326792770825148,0.9020024341010766,0.866204037771813,0.08136657011243549,-0.05237253361112407,-0.06433733095845925,-0.11890405309422199,0.7943698490555584,-0.1453281850752389,0.8394032565703095,0.00028133980906356286,0.6414139742971761,-0.47990153231058275,0.469348324986794,0.6299659265631379,0.6623927947205982,0.5443873742440273,-0.1910179516819922,0.43322397912739485
2025-11-28,7.725334009101331,-0.5222479384511397,-0.14603939623286763,-0.6611400272421492,-0.7216549009463898,-0.15100806299638111,0.25364354299027114,-0.1157737760908244,-0.0971285862357264,-0.18674468208153366,-0.1350492087047449,-0.17372812945353538,-1.7393763451434843,0.6074368002155369,0.4254123461539297,-0.12337239259652345,-0.6656254707607818,0.10621761163221237,-0.55266336215642,-0.0850571883735007,-0.061831862512325864,0.7201483076423802,0.7411438472407879,0.02773499793047369,-0.07139010154771974,-0.0780875353265448,-0.11890405309422199,0.8050136158688836,-0.1453281850752389,0.6844956266865051,-0.17172602697626785,0.10476341620246606,-0.11266576362821212,-0.060658489129736794,0.4082347974829553,0.14155067486256231,-0.005614982254601814,-0.2943443925140223,-0.09239864551436462
2025-11-29,4.511023528654168,-0.4007701857817663,-0.14711239972284093,-0.9951239011816934,-1.8864322038455852,-0.1902795998198339,-0.781470278440359,-0.9388280954416823,-0.0971285862357264,-0.18674468208153366,-0.9032420169475045,-0.17372119197295083,-2.8746783587092986,-0.7310431771381616,0.10481158963993328,-0.2191981441492971,-0.6737447746780336,-0.22436559370517678,-0.5202412112839658,-0.0836659209373614,-0.353545295107775,-0.7127797657584439,-0.9970087683891876,-0.36314378714099005,-0.2587577285451518,-0.18537173857793166,-0.11890405309422199,-0.7480666152173522,-0.1453281850752389,-0.7094152448067587,-0.6279646863648252,-1.3976400512397218,-0.4233371533762209,-1.411621447921161,0.07135978539373171,-1.3271552834628224,-1.4393238526327279,-0.6919208874002664,-1.4035229919297225
2025-11-30,2.72781638095919,-0.8560653809484623,-0.14720181668033872,-1.5907123397045375,-2.0593288347446843,-0.20319462604842517,-1.091601771145404,-1.2325279649309087,-0.0971285862357264,-0.18674468208153366,-1.186573219310049,-0.1737246607132431,-3.946023877830476,-1.7601752817214584,-0.6073730163750597,-0.04142422904939174,-0.7117198008387002,-0.35581484245318845,-0.4878190604115117,-0.08230506833752894,-0.42342137675740654,-1.5900318011952022,-1.6134263247797802,-0.4741410705602287,-0.32178586132871867,-0.21136520792054683,-0.11890405309422199,-1.727384134409206,-0.1453281850752389,-1.4124002767239787,-0.7642188501520073,-1.7249191952543013,-0.5001146129688618,-1.7762228605356774,0.6898429627554458,-1.777548076250861,-1.792565083105411,-0.28998895083539866,-1.7596672669659186
2025-12-01,-0.14276102015089323,-0.7016924493009067,-0.14492466482939537,-0.03981136323555833,0.7144240920539626,-0.11483926881414237,-0.6950147662604088,0.4466111151428207,-0.0971285862357264,-0.18674468208153366,0.4137170297692391,-0.17371772323265855,0.41797900884917627,0.7556771566020797,0.09144521295266324,-0.08263420013093596,-0.652700262752236,-0.35449279956294777,-0.45539690953905754,-0.0810500855244845,-0.031803776814721,0.8938060567620052,0.7472336321010099,0.0626258597285733,-0.060703532581249255,-0.06698065087830322,-0.11890405309422199,0.7079461014259939,-0.1453281850752389,0.8762682934897725,0.09542231070067722,0.9106252651879692,-0.6021435241517332,0.7917721619463304,0.6201347215943466,1.0098413107526412,0.9087455445718526,0.028405608401285965,0.8023511440572053
2025-12-02,-0.13905657970426558,-0.8090510530515983,-0.14465641395690204,0.1814748203419716,1.0826494748745659,-0.11068360989757049,-0.6656446843879177,0.6425323591824912,-0.0971285862357264,-0.18674468208153366,0.6343014963524292,-0.173710785752074,0.37688393632996237,0.7867540118096947,0.03612294165838201,-0.09659004171600856,-0.6862711838880504,-0.34732798823275546,-0.4229747586666034,-0.0796233952506748,-0.0032386788184715774,1.105569770703629,0.9253825193550916,0.0859642288242921,-0.053117798694713544,-0.06297861511181048,-0.11890405309422199,0.7311440547370875,-0.1453281850752389,0.8696228478290767,0.1572761340319241,1.0119032343686574,-0.313529972208875,0.9336691158738182,0.6602877945724259,1.1737149807558322,1.046970103408677,0.07729735866210533,0.9696533842771913
2025-12-03,-0.14333943278203332,-0.7759885947175433,-0.14494254822089492,-0.6311187842395011,0.9654098989650174,-0.1179420114553564,1.0039345417220944,0.5641073264618128,-0.0971285862357264,-0.18674468208153366,0.5333954000697161,-0.173710785752074,0.4105093947611123,0.6868935149226609,-0.1309627003818944,-0.08485737870372274,-0.6853166446890432,0.16232611948178807,-0.39055260779414924,-0.0783023355279192,-0.022078592382689142,1.2867768147408196,0.9040265121738377,0.06600992324745253,-0.06188797173195395,-0.06763283448469463,-0.11890405309422199,0.7305982205415325,-0.1453281850752389,1.2700682372106569,0.14703464260561083,1.046662160534304,0.4084787878153572,1.5171200115452466,-1.917914577932194,0.004474528501799943,1.0305062078705494,0.048602787156898,0.9542362025285241
2025-12-04,-0.14216311046477087,-0.7347217517473935,-0.14479351995839862,-0.6244489739948456,1.8425904804543278,-0.11523131210815858,1.358164602324437,0.6009829294144134,-0.0971285862357264,-0.18674468208153366,0.5521215631523927,-0.17370037953119713,0.3984184464925261,0.6543598369261305,-0.10380160311316729,-0.09138919970067412,-0.633849011517548,0.3794976670786575,-0.3581304569216951,-0.0768217215196819,-0.021699689093129457,1.1057614988285194,0.9153319983260257,0.08419051277301748,-0.05947916851535226,-0.06637787512088086,-0.11890405309422199,0.7390586505726372,-0.1453281850752389,1.187544405536241,0.1615825293486488,1.0620651356586888,0.40821610609213477,0.9362168294040625,0.6386990486145853,1.1678994639301092,1.0483449459984846,0.17600393607953926,1.0003770981447504
2025-12-05,-0.15156069096621572,-0.7303083118317358,-0.1442033680389133,-0.8194483139605413,1.2508903825426,-0.11879330546522018,1.318244040825171,0.6391054024868017,-0.0971285862357264,-0.18674468208153366,0.654667159349321,-0.17371425449236627,0.33609943090125266,0.48304240837400664,0.31637375704764115,-0.12085944964893605,-0.6422870641589625,0.3420550704662996,-0.32570830604924095,-0.0754651911121091,-0.05603253716378739,0.9112533161270461,0.7926823776356277,0.03791830631257233,-0.0787229776380376,-0.08165972280700684,-0.11890405309422199,0.8030122238185148,-0.1453281850752389,1.108085499231198,0.11041647986435868,0.9789163318898868,0.35304386683754446,0.7743768906309998,0.4708084625990347,1.0688049466723037,0.8796623359413044,0.2805575996505414,0.8897643515795525
2025-12-06,-0.2413511281778077,-0.09179405839210779,-0.14651628667285577,-0.8684351852130031,-0.7229246436457712,-0.17336573199227723,-0.3070680073034579,-0.7154679642317789,-0.0971285862357264,-0.18674468208153366,-0.7404038114053125,-0.17371772323265855,0.4884610150045981,-0.6178121459271586,-0.019669527293454638,-0.20498613116336203,-0.5692147069248481,-0.19541653830710076,-0.2932861551767868,-0.07439288870549281,-0.3561555177691862,-1.055709483140822,-1.042882315657966,-0.37174008642457984,-0.26259052040361197,-0.18633519163282805,-0.11890405309422199,-0.825302153888405,-0.1453281850752389,-1.1111782656555456,-0.47381781810462764,-0.9788972230794605,-0.23486861664527242,-0.964459863983903,0.0853383734460372,-0.8147557461380995,-0.9934798195782207,-0.7844556838593041,-0.979439844211601
2025-12-07,-0.26929040796737297,-0.2560293325801112,-0.14686203224184716,0.3405546520087246,-1.1508279333372997,-0.1909292715642036,-0.8128923483293435,-1.1098622765624866,-0.0971285862357264,-0.18674468208153366,-1.1124268356896672,-0.17372119197295083,0.584129202096524,-1.7573648056629352,-0.4098986105576803,-0.028556632982383087,-0.6543004003849485,-0.37709282662250687,-0.2608640043043327,-0.07295497030123738,-0.4193271162118866,-1.815144585832331,-1.6366514595913413,-0.47283412189086843,-0.31980292387416814,-0.21096994512879447,-0.11890405309422199,-1.6772583607840585,-0.1453281850752389,-1.7101849883127418,-0.6651303502200626,-1.4644317132835136,-0.44131958404232174,-1.4525207127663855,0.4273534503897268,-1.4712278544708386,-1.4666776212634274,-0.3767856773887897,-1.4681792589283194
2025-12-08,-0.17099275576519227,-0.7755027036715157,-0.14512138213589046,-0.586624509286356,-0.016736079006487957,-0.12114556522931746,0.8963973847054535,0.028127426988514597,-0.0971285862357264,-0.18674468208153366,-0.06835230281957819,-0.17371772323265855,0.532936895038802,0.9542390776853752,-0.33765807424173705,-0.08222849253033591,-0.6284675480021438,0.2048889714905635,-0.22844185343187856,-0.07375154554997611,-0.08078755208168667,0.41299985156770286,0.3540436269883396,-0.016288945640417215,-0.11851480977968983,-0.08823590750478688,-0.11890405309422199,0.20559669678340994,-0.1453281850752389,0.3364690543698959,0.015068470736364028,0.6190592139396621,0.19156390707744902,0.43639062172273335,0.6150079171873969,0.6501095365954144,0.4911293316587601,-0.3511218280587565,0.3681619968196225
2025-12-09,-0.14058384901120857,-0.62250187779905,-0.14359533272792843,-0.3140209832607005,0.7161170823198044,-0.11454803665287318,1.388797530915579,0.5675304108900496,-0.0971285862357264,-0.18674468208153366,0.5423409214766527,-0.17372119197295083,0.4110159789461498,0.718581876015306,-0.2509954009925783,-0.09500727579260586,-0.7000473621697395,0.35115460158695677,-0.1960197025594244,-0.07003366275423108,-0.00031270341576069324,1.2354895413325948,0.9153910385670447,0.10178764307118945,-0.05624525038477651,-0.06324047671134643,-0.11890405309422199,0.7344190599104184,-0.1453281850752389,1.5527288310888707,0.16500556152348128,1.0436633512180522,0.4003146431221949,0.9306982681034108,0.6299659265631379,1.189034080372982,1.0572534282998631,0.18494434899843518,1.0083438714885593
2025-12-10,-0.14233858395961113,-0.7615426138841207,-0.14383973907842235,-0.8150564664414757,0.8957856742822712,-0.11597059374830344,1.4072079079249868,0.5879992166453207,-0.0971285862357264,-0.18674468208153366,0.5675994670300305,-0.1737246607132431,0.4028026453072976,0.6092071247382316,-0.43595733354001465,-0.09370304017924122,-0.6801775886332798,0.3685593488100604,-0.16359755168697027,-0.06861646216453389,-0.01118512280784826,0.950629479776445,0.9231137900934979,0.056674575609165,-0.0598384927520829,-0.06521679067010827,-0.11890405309422199,0.7581628474170672,-0.1453281850752389,0.9544668566522699,0.15630995559547944,1.07201573020807,0.40439451186955133,1.5273865844249896,-1.9506487619229445,0.03742367350377193,1.0686036559247691,0.2787343440766942,1.0422395414096721
2025-12-11,-0.139219055162451,-0.611987436889726,-0.14529425492038617,-0.39911028990187714,1.2915221489228046,-0.11614981353985371,1.4284929386756071,0.56481982367312,-0.0971285862357264,-0.18674468208153366,0.5163753415852697,-0.173710785752074,0.4192096629736838,0.5171538238271418,-0.45547215761703447,-0.08756055528214789,-0.5942018409515684,0.3604310354657025,-0.13117540081451615,-0.06728680590440576,-0.008964328527373451,0.6013248022414556,0.9307026210732497,0.07954617732296942,-0.05345050632131598,-0.0633195292696969,-0.11890405309422199,0.7554336764392915,-0.1453281850752389,0.7816566253118499,0.16921073814686416,1.059338945371187,-0.2873958839118854,0.9564226028830017,0.651306870103298,1.212737625523,1.0892262947718852,0.3956298706530693,1.0936178528352543
2025-12-12,-0.15134622336141096,-0.40513043392822823,-0.14482928674139772,-0.30244270859054756,0.8968437931984223,-0.12251211613988827,-0.6405011172442898,0.5743920688163342,-0.0971285862357264,-0.18674468208153366,0.5921970891804903,-0.1737246607132431,0.35532177170562473,0.38936128110207774,-0.14885995774775723,-0.10112070675444403,-0.6431733437530998,-0.3153476973424483,-0.098753249942062,-0.06596625655121588,-0.054159070898742286,0.8845312087204243,0.7646641832574436,0.0423914937225851,-0.07828380357092236,-0.08078520388025472,-0.11890405309422199,0.8375817228703406,-0.1453281850752389,0.9219557324070558,0.10219936230488182,0.9212574073092258,-0.5951087830052628,0.7542290197322933,0.45410924051275414,1.079785572631276,0.9057781241404577,0.3775496842613162,0.899169570110438
2025-12-13,-0.24168257811250596,-0.06741783654100769,-0.14639110293235888,-0.8790768474714742,-0.8016486910074174,-0.17306329859403613,-0.9770133371191162,-0.7030612193131469,-0.0971285862357264,-0.18674468208153366,-0.7283278698496713,-0.17372119197295083,0.4822022280754756,-0.6320908113670306,-0.3513605480498094,-0.1944547995375032,-0.619788855504814,-0.43346291393734854,-0.06633109906960785,-0.06587850488401074,-0.35678702325178563,-0.9868071882582771,-1.0364894095603174,-0.35537211023211573,-0.26326924396188095,-0.18615732337653948,-0.11890405309422199,-0.8379473127520991,-0.1453281850752389,-1.1058504514620568,-0.46710977924588337,-1.0308311480563679,-0.7195921254438804,-0.955081873008502,0.10155390434443849,-0.8070362425478163,-0.9738183263425313,-0.26992726992194294,-0.9145991611633789
2025-12-14,-0.26942688735224873,1.985375774806166,-0.14705874954834228,0.7434057089576689,-0.9957077002295399,-0.19156774207160146,-1.0902946642796807,-1.0801774742696548,-0.0971285862357264,-0.18674468208153366,-1.076931662546908,-0.1737246607132431,0.5192854243270337,-1.5117063959487165,-0.8015365214806746,-0.03729584190081816,-0.4379088352320655,-0.48767062109195547,-0.03390894819715372,-0.06460135289295556,-0.4211058566545418,-1.6796407335659276,-1.6226330023640387,-0.47475564761308264,-0.32008239828051416,-0.21097488591369137,-0.11890405309422199,-1.709462578321812,-0.1453281850752389,-1.5897076415503006,-0.6644034159678804,-1.4662037369703897,-0.7937269345357933,-1.449569908196828,0.5986578221082147,-1.4591735107849053,-1.4549696857248837,-0.5566948811070409,-1.4699496530047214
2025-12-15,-0.1437878650466251,-0.5048175564457248,-0.14515714891888956,-0.3212063373032649,0.8790673954070829,-0.11170292246201265,-0.738848300181783,0.4211703179782102,-0.0971285862357264,-0.18674468208153366,0.3572926155340769,-0.17372119197295083,0.4394881978779798,0.7198326444312748,-0.19014885055390307,-0.0833609362608208,-0.5812519487698437,-0.37968043604996127,-0.0014867973246995786,-0.06287057805227324,-0.03456135075540536,1.0032348840432923,0.7517595705771692,0.049805315638658434,-0.0628062447813767,-0.06950539196062148,-0.11890405309422199,0.7877288663429708,-0.1453281850752389,0.9316947475994547,0.11379810439191494,0.8344282466522966,-0.6542102573169949,0.77852137916228,0.6352773839092055,1.0571393941768437,0.9317321661525748,0.35176916273966646,0.9118942775345771
2025-12-16,-0.14411281596299594,-0.09089698625662321,-0.14476371430589935,-0.614321658858582,1.1664524930337377,-0.11332710182293697,-0.677164556737388,0.5441999994871913,-0.0971285862357264,-0.18674468208153366,0.4999137377591027,-0.17372119197295083,0.4129363059125697,0.7042587643928059,-0.18595494721156636,-0.09974663801404986,-0.6222203798822937,-0.37414097270657704,0.03093535354775456,-0.060461633702098096,-0.016794996511606895,1.036164189493246,0.8719957414151833,0.06695123746764652,-0.06347166003458159,-0.06965855629242552,-0.11890405309422199,0.7113120789652506,-0.1453281850752389,1.1901510243083242,0.15701848644887217,0.7867199166210168,-0.6113204811354864,0.8611661773330546,0.7026607908922686,1.173291670721345,1.0200580262887298,0.3170130068332578,1.0074217912404333
2025-12-17,-0.14178616740178068,-0.5918208866037966,-0.1447219863924004,-0.2920335840765652,0.6365465398252373,-0.11902853144162992,-0.6675405434183466,0.49712097179657716,-0.0971285862357264,-0.18674468208153366,0.4606323445019531,-0.17370037953119713,0.43045109145459143,0.6267373681420322,-0.32052639635888375,-0.08716322808487356,-0.6192706156292469,-0.36168334522919665,0.0633575044202087,-0.05908234400170418,-0.01958414572642123,0.949287382902211,0.8672638820983969,0.03742042110519699,-0.05870728682163459,-0.06740061759454012,-0.11890405309422199,0.8041038922096251,-0.1453281850752389,1.0976017358182037,0.14345518154106826,0.9370693109767356,-0.6089922198591308,1.4563579346578466,-1.9267609615014702,0.010873232113232748,1.0231934139143548,0.36974413501410236,1.0273018413900303
2025-12-18,-0.14369037977171384,-0.20262525057028563,-0.1436370606414274,-0.31060729082004507,1.0695288003142915,-0.11953258710536505,-0.6561528422744386,0.6133896743330455,-0.0971285862357264,-0.18674468208153366,0.5964341717712901,-0.17371772323265855,0.3727346160970257,0.5302491316610771,-0.4098760518620121,-0.06949689054760765,-0.6077422502475451,-0.3664248172206481,0.09577965529266284,-0.05759504734196581,-0.034529775481275386,0.960215886020973,0.8516383783106765,0.06108552736825586,-0.06260662020541523,-0.07170898202464095,-0.11890405309422199,0.7806330218007539,-0.1453281850752389,0.8895878289734946,0.1426546336937284,0.8834996718273272,-0.2693678668535921,0.8421941742175378,0.6240863271416681,1.1245892153801527,0.9998397529092043,0.44307250387511676,1.010741280133687
2025-12-19,-0.15519364221124177,0.2815139522613782,-0.14479948108889848,-0.3787195504672621,1.167722235733119,-0.12794471607125582,0.9680128713381759,0.5039013121063539,-0.0971285862357264,-0.18674468208153366,0.5021321860805251,-0.1737246607132431,0.3588228684139252,0.16711939967416986,-0.01969403221826086,-0.12707524157958588,0.34474236015415566,0.07347907312943193,0.12820180616511698,-0.05739404147831872,-0.07295688409745323,0.7935322474442422,0.6580655880918658,0.011203653154339535,-0.08616232016886823,-0.08733668465355024,-0.11890405309422199,0.7936420701281516,-0.1453281850752389,0.784062734947619,0.09129534852214936,0.7011175415934634,0.0619325215709784,0.6272575693709745,0.3211664486990428,1.0014386974071339,0.7550400093335057,0.4573171248602117,0.8189854717333988
2025-12-20,-0.2421245113587703,-0.4001137657224891,-0.14594997927536985,-0.6751576044354948,-0.7121318307010294,-0.17292888375037344,-0.39448079335630987,-0.6880406938639042,-0.0971285862357264,-0.18674468208153366,-0.7000311260177635,-0.17372119197295083,0.4545794305049278,-0.8597812320100948,0.0931169889809552,-0.22406019816397335,2.311804857166484,-0.2878879201966169,0.16062395703757112,-0.05481929081548188,-0.3601024270354329,-1.0898610553869532,-1.0325812336060392,-0.3646063249376551,-0.2641742087062396,-0.18826209774262084,-0.11890405309422199,-0.8646931883343012,-0.1453281850752389,-1.127648658995632,-0.4749726313786639,-1.024424600880739,-0.35048513828732275,-0.9746997125958465,-0.05777131768570706,-0.7887648733768395,-0.9978376351174076,-0.44251606160858437,-0.9351799923015518
2025-12-21,-0.2645916177166506,0.9562248824394315,-0.14670108171835117,-0.5528659915138293,-1.1508279333372997,-0.186952832439182,-0.9876273254465083,-1.0352359382129623,-0.0971285862357264,-0.18674468208153366,-1.0281462932245424,-0.1737246607132431,0.5182504651876095,-1.3120242539952633,-0.08640934367199125,-0.17385156728225254,3.823160933432444,-0.3365421243465461,0.19304610791002524,-0.05328464142947452,-0.41168589987243304,-1.5423394301286752,-1.5381154573395452,-0.4665794389732158,-0.3101810193128255,-0.20726435645611602,-0.11890405309422199,-1.6188541018596583,-0.1453281850752389,-1.6333040566174513,-0.6450430404414087,-1.4667489750278901,0.4246440199273605,-1.4125167108924532,0.081129357437158,-1.3463786460160792,-1.45083582644467,-1.034338655838425,-1.4257635675145222
2025-12-22,-0.1808842616595208,-0.5668765845927368,-0.1455267390098804,0.17469236492060997,0.6045913485574723,-0.12697020845470122,-0.7905657880612644,0.20547340405731193,-0.0971285862357264,-0.18674468208153366,0.237209493692278,-0.173710785752074,0.34317002942542585,0.3785332257472628,0.1776259540560183,-0.13126445078221582,0.5348318789080337,-0.36111479946258623,0.2254682587824794,-0.05196763276514677,-0.1448432582000264,0.7484042400481266,0.19736594738579266,-0.13003237715658542,-0.13877005008724658,-0.11486673809910276,-0.11890405309422199,0.2835600143818696,-0.1453281850752389,0.9394286714287127,-0.0883080211135159,0.19295567200314612,-0.6586937655914804,0.12911276353871404,0.4253700215194234,0.5480118799083931,0.2511819736941476,-0.02534439254904503,0.2442344114714847
2025-12-23,-0.18278197501112653,-0.1802479419675349,-0.14552077787938053,-0.7232539482218745,1.0424409560608219,-0.128650394000485,-0.8370631966529141,0.24662011801030306,-0.0971285862357264,-0.18674468208153366,0.2923428017449957,-0.17371425449236627,0.3028730070548153,0.14475711407813113,0.34872504767706625,-0.15152976935718074,0.4879216877579829,-0.4011597108372879,0.25789040965493354,-0.05069044887599373,-0.14298031702635794,0.908545156362967,0.1706624783746889,-0.1394144015330644,-0.14265607516596313,-0.11938261549487358,-0.11890405309422199,0.306303105863334,-0.1453281850752389,1.0162809589616726,-0.08807337777895079,0.042878896676177426,-0.6579279377802518,0.09125115713339638,0.2654024638056848,0.511908802632302,0.1787632289522839,-0.059323804006983574,0.19842546474458375
2025-12-24,-0.22853506403614157,1.0781623871519823,-0.1460692018853669,0.8688244268455761,-0.3925799180233795,-0.17193197365987506,-0.9699897391672183,-0.4868066988790517,-0.0971285862357264,-0.18674468208153366,-0.4408415598920376,-0.1737246607132431,0.3549307485281897,-1.196428558820207,1.5412083344565588,-0.1536865583961267,1.7204160908497284,-0.42655998465132927,0.2903125605273877,-0.051124980714053324,-0.32888500601226567,-0.583602941613429,-0.7889653590972221,-0.31081138417202325,-0.2363465428172112,-0.17327175636541226,-0.11890405309422199,-0.6258907277789257,-0.1453281850752389,-0.2789221291403949,-0.46213165987334476,-0.8909775863075305,-0.7438199825234452,-0.37049519595558367,-3.6093556885759037,-1.084616801514308,-0.761255842044587,-0.7049377614324007,-0.7693899636884924
2025-12-25,-0.2861618595453473,1.2873639861292698,-0.14718989441933902,4.066955784751039,-1.5505852598592074,-0.19549937624873548,-1.1574420660132636,-1.2008373280975488,-0.0971285862357264,-0.18674468208153366,-1.1696248889468495,-0.1737246607132431,0.4573434316961076,-2.8661005347782917,1.8873173819438447,-0.007930701734882563,-0.7113527318731515,-0.5073863298476696,0.32273471139984183,-0.04792617566473839,-0.4542388443082607,-1.9754532642564506,-1.8589804472010727,-0.5233227937012734,-0.35435128382056585,-0.22454228124059145,-0.11890405309422199,-2.193435565047373,-0.1453281850752389,-1.8439818705589048,-0.7419093299695306,-1.7205572907942985,-0.8106070214909499,-1.6613686385992354,-1.3793257791602782,-1.7113736354948053,-1.7095426316018854,-0.1139705703116672,-1.670963147096195
2025-12-26,-0.24888998943761131,0.10202123472169193,-0.14645667536785725,-1.1416175558069201,-0.5625138159572556,-0.18786013263390525,-0.5855390049224904,-0.6230950241462714,-0.0971285862357264,-0.18674468208153366,-0.5456722090944033,-0.17368650457002802,0.11389064382109657,-1.7109609323397776,1.6783498331557845,-0.23762742949428237,1.9910072702431527,-0.3602513754219737,0.3551568622722959,-0.04654980464029841,-0.38207881782989445,-0.7364102571512054,-1.238468954097874,-0.41553064630451353,-0.27802815427796534,-0.19586596569895706,-0.11890405309422199,-1.3678613442702179,-0.1453281850752389,-0.6816876956707523,-0.5795867517971325,-1.3230787468765504,-0.41183067462108236,-1.1743901226626436,-0.7109513067829122,-1.093451808800622,-1.239281145312105,0.4837619742276476,-1.0762951534747587
2025-12-27,-0.2530428621488307,-0.047847429014028164,-0.14628380258336154,0.4754293674659686,-0.760170429494292,-0.17554997320179613,-0.6033033122181013,-0.885898071629953,-0.0971285862357264,-0.18674468208153366,-0.901617887344985,-0.17372119197295083,0.519353975583612,-1.317741649224514,2.42570173844139,-0.23198295378313943,2.248948521386228,-0.3391856200981585,0.3875790131447501,-0.047828104962876455,-0.3838259829984197,-1.1958627424358217,-1.2852792251906238,-0.4153050420699216,-0.2865321612139238,-0.19599442610627657,-0.11890405309422199,-1.1804582704629518,-0.1453281850752389,-1.294873278681588,-0.5652643066892649,-1.2107597070314802,-0.3544004444209697,-1.1799688135658446,-0.5832129564386075,-1.079309983442475,-1.23687672603174,-0.4502070216680058,-1.1568849671609733
2025-12-28,-0.26816607779672985,-0.17514303326267114,-0.14674280963185013,-1.2970742147444787,-1.1840528673044461,-0.18914827488567282,-0.8194353416782819,-1.0387132343855376,-0.0971285862357264,-0.18674468208153366,-1.0134778924295484,-0.17372812945353538,0.4081105666738414,-1.5640959006127522,0.7812504521240204,-0.20169840991941596,3.746532965173632,-0.3982738645099616,0.4200011640172042,-0.043062880022088385,-0.4189587380137036,-1.4218143376193468,-1.6138453664904269,-0.4782486235210752,-0.3175005870980792,-0.2099274395155476,-0.11890405309422199,-1.7542209823573338,-0.1453281850752389,-1.3896854559958247,-0.6758549308645982,-1.5081870673979159,-0.453819196856291,-1.4768821098881884,0.138661995204069,-1.4524532368897634,-1.5306233542074714,-0.9595275036096669,-1.4928172431582467
2025-12-29,-0.2029094347711367,-0.2907976762300316,-0.14555654466237963,-0.1907861907922414,0.3210154790289619,-0.14369365525373573,0.09823842767895412,-0.3145527535106293,-0.0971285862357264,-0.18674468208153366,-0.34784605069541286,-0.1737246607132431,0.46824571288375405,0.492820914841267,1.2410333891076508,-0.12157857499535694,0.6533354362444407,-0.16492414893501053,0.45242331488965837,-0.045470851480278886,-0.21937143023814065,-0.26998366132369517,-0.35525934858677266,-0.22395375385412314,-0.18387189594947384,-0.1389530644715128,-0.11890405309422199,-0.11362533525042333,-0.1453281850752389,-0.24277319627919647,-0.25149095817931955,-0.33169964882655645,-0.08524348568401573,-0.38410898337724747,0.2599508201786408,0.007137929834667772,-0.2900456521577674,0.17025398632662112,-0.20474490294603956
2025-12-30,-0.20101822043785839,-0.5776317008014251,-0.14502600404789284,-0.1878178147436209,0.837165886327497,-0.14355924041007304,0.13837271563246178,-0.14009936022904107,-0.0971285862357264,-0.18674468208153366,-0.12709251068356933,-0.17371772323265855,0.3673258464427681,0.3745692283435708,1.108487350638097,-0.1464926963663619,0.5874268213842606,-0.15799727052848722,0.4848454657621125,-0.04201660646332356,-0.20074201850145626,0.11920046618853068,-0.25491757896332423,-0.20840262058000916,-0.1799991791758214,-0.13808348632965756,-0.11890405309422199,-0.12363229550226763,-0.1453281850752389,0.3857370135785023,-0.22622309164144333,-0.295850246545909,-0.07060378808551225,-0.3236742787703947,0.2742237480259492,0.0903301606896137,-0.23024311000472764,0.15063130946678163,-0.13732239520306458
2025-12-31,-0.22963339813347503,0.47341181329742765,-0.13603661925411642,0.02469447976868576,-0.511724107982,-0.16494240178941455,-0.8490623563390619,-0.528634931903728,-0.0971285862357264,-0.18674468208153366,-0.4832533732978918,-0.17372812945353538,0.36637628548674944,0.08064598780627728,2.5404929757392485,-0.15000196047377526,1.9164848479914374,0.3744234339340236,0.5172676166345667,-0.03969793373008426,-0.3007830120365892,-0.6416965634552687,-0.8212121307376531,-0.326712592982573,-0.23859564637304373,-0.17302965790546393,-0.11890405309422199,-0.7016707085951649,-0.1453281850752389,-0.8102999845350795,-0.42335569862403294,-1.014882934874483,4.805621279997752,-0.48501981858916166,-3.5841549319743278,-1.053577093620688,-0.7978975744154809,-0.5317959686399955,-0.7720824380130203
2026-01-01,-0.2844916118352011,0.5920627131029311,-0.14673684850135027,2.2865137461188305,-1.4087973250949521,-0.1951969428504944,-1.1162516433523957,-1.1962641802358434,-0.0971285862357264,-0.18674468208153366,-1.176864305755556,-0.1737246607132431,0.5196171460627445,-1.8334717148562387,1.6734247453609912,-0.013658151396322092,-0.7081922864129128,-0.48613801354020125,0.5496897675070208,-0.03825167397323918,-0.45028140995063737,-1.9258196459254069,-1.8330106611850703,-0.5143919777939784,-0.35093104941909276,-0.22286241437564389,-0.11890405309422199,-2.282497511288787,-0.1453281850752389,-1.7623460079167372,-0.7292615941515004,-1.6326376540223686,-0.8028537256310225,-1.6384481249163034,-0.5878287782352986,-1.689839327173876,-1.6764064367846414,0.9324764552330186,-1.6068970114563987
2026-01-02,-0.21719427705479905,-0.29523901741552555,-0.14586652344837192,1.4909840652058794,-0.1485776959589223,-0.15468206872316162,-0.9329206804542591,-0.4105114132573894,-0.0971285862357264,-0.18674468208153366,-0.4143431425285346,-0.17372119197295083,0.412450201795861,0.6492235983404927,1.8701465098103578,-0.16498685773735325,0.8041066825154893,-0.4357122704044549,0.582111918379475,-0.0377762168756288,-0.2530832979175758,-0.3283169433216481,-0.6224135591857268,-0.27758532603608493,-0.21312355048036066,-0.15367660346428855,-0.11890405309422199,-0.5260030699923345,-0.1453281850752389,-0.2192276948434555,-0.32831594642576106,-0.6163139148417341,-0.517004693201161,-0.645984537591782,0.022479853233889516,-0.296091947015472,-0.6057804302596322,0.46713824248877067,-0.42803585583223785
2026-01-03,-0.24920844133565473,-0.4564282194681442,-0.14542539979138291,-0.36868352874391636,-0.8604801027454219,-0.17891034429336367,-0.5591000545830483,-0.8736423451419786,-0.0971285862357264,-0.18674468208153366,-0.8992713530927645,-0.17372812945353538,0.5408930998897994,-0.8622452136599876,2.3921765682655094,-0.25614919122464797,2.5774509573716267,-0.3316214046104751,0.6145340692519291,-0.035388516658626544,-0.36754366663872995,-1.2284325576516055,-1.247806672217077,-0.40162875777983037,-0.2786802612261061,-0.18955164260071294,-0.11890405309422199,-1.1518929475622326,-0.1453281850752389,-1.3386129145603916,-0.5412018627720958,-1.2421108953377498,-0.3902491860491682,-1.1685553241930282,-0.5162062101226231,-1.0125033028065844,-1.204176001718055,-0.12545518658768331,-1.0893886929981482
2026-01-04,-0.27297535135901835,-0.3820505845926061,-0.14688587676384657,-0.45204412979479835,-1.4547196860559124,-0.19195978536561767,-0.9012075935119408,-1.1177655744335626,-0.0971285862357264,-0.18674468208153366,-1.1100905483119103,-0.17372812945353538,0.5344365686652723,-1.745908554093746,1.0794452974474678,-0.0822901613108429,-0.40701328602753767,-0.4301936093609401,0.6469562201243833,-0.03411608558605422,-0.4158222607834596,-1.7646481909392797,-1.692740408562275,-0.4746856325057955,-0.3273487328455115,-0.2077633757307034,-0.11890405309422199,-1.8898607799527871,-0.1453281850752389,-1.593001720218318,-0.6800186998407048,-1.5230448044648002,-0.46934885835568363,-1.5136235240682323,0.2521018160843466,-1.533298186351759,-1.5258642837042908,1.2181156246315492,-1.4437625739579423
2026-01-05,-0.17504814320150042,-0.1048448074501093,-0.1451929157018887,-0.3636440341700326,-0.09249739340291091,-0.1365920710135563,0.4577945910389946,0.06325276505246928,-0.0971285862357264,-0.18674468208153366,0.02342382831584904,-0.17372812945353538,0.409100320709285,0.6869102311097273,2.2161793492917656,-0.15972682215673414,0.4566582585618641,-0.03582546929856043,0.6793783709968373,-0.03273939558063567,-0.12200380991267883,0.48542515074511194,0.07017094813987534,-0.06226553275898326,-0.12681919213968681,-0.09618563040390642,-0.11890405309422199,0.10097847596867404,-0.1453281850752389,0.8414656362581115,-0.09156542269924359,0.01793425554553685,-0.04386497956505844,0.0908836984511496,0.18424218676353724,0.34889992051072416,0.16177676880988556,0.6951940867711074,0.31021847402738306
2026-01-06,-0.19826913568536103,1.3769203622558743,-0.14551481674888067,-0.6758406630645222,-0.7078993550364248,-0.1544468427467519,0.2165554497795383,-0.19740504626238528,-0.0971285862357264,-0.18674468208153366,-0.26114724585682075,-0.17372119197295083,0.474952196665271,0.40495351128688284,1.1763162004375651,-0.14799773531184507,0.6444560575547625,-0.11214173972272289,0.7118005218692914,-0.03134682032248423,-0.20364694372141381,-0.04638073567007936,-0.2323872469881447,-0.129596727600132,-0.17436976613370805,-0.11851303735301838,-0.11890405309422199,-0.4419446038768423,-0.1453281850752389,0.2946485773672416,-0.22453457980251387,-0.06303359599326369,-0.08430726433602637,-0.08960532520151603,0.3250841359538061,-0.06659795454171265,-0.15001078022757652,0.6011319536345427,0.0033132842411167985
2026-01-07,-0.16948498351323155,0.3902998877963883,-0.14457891926040395,0.11849630424821515,0.0884409412589372,-0.13271644302128174,0.6702294162940455,0.2559755161761629,-0.0971285862357264,-0.18674468208153366,0.23977633574547116,-0.173710785752074,0.38681062327337873,1.0359582446281166,1.0459199953446665,-0.14372411804414462,0.4013007273026961,0.010706809491025515,0.7442226727417456,-0.030003001306907518,-0.09894333470642147,0.8678029298237229,0.3295959271859229,-0.0572633423161342,-0.11542728300481915,-0.09258379821406294,-0.11890405309422199,0.16384038082344143,-0.1453281850752389,1.2554310702597278,-0.02021544559265503,0.3720663738920079,0.058315880212915026,0.8411229764832305,-2.2233942209497606,-0.4013925890707376,0.4276377322398561,0.8247192483223927,0.5993828398397046
2026-01-08,-0.156974373232954,0.3616416603545637,-0.14413183447291508,0.3552282987245965,1.0022324372470777,-0.13009535356985905,0.7995989775989308,0.31931032263344905,-0.0971285862357264,-0.18674468208153366,0.2577288598061275,-0.1737246607132431,0.4227223330358618,0.8864490656241442,0.4585772401095954,-0.11245435470435583,0.6057850597846968,0.06825047935529494,0.7766448236141997,-0.031410122097681833,-0.06544196885451951,0.7951619365058119,0.5266693716953933,0.02340184073503523,-0.08980879575643101,-0.07871007422355479,-0.11890405309422199,0.4500394440261885,-0.1453281850752389,1.2086265090115518,0.04979568425200308,0.4956991034302101,0.10475139263998369,0.5232444920719709,0.512485859511615,0.8217808317832362,0.6645616807083303,1.017465845749098,0.8681876737734034
2026-01-09,-0.16552708135183464,0.9481249512402757,-0.1454492443133823,-0.023606859818927798,1.0987328824000635,-0.13869790356427197,0.7237292477821109,0.3594308857114597,-0.0971285862357264,-0.18674468208153366,0.34577000519948325,-0.1737246607132431,0.35553076264210004,0.9600769986791371,0.9994271105634507,-0.14915022462042551,0.5061638119739449,0.04999583336873006,0.8090669744866539,-0.027290881485648687,-0.1027323676020183,0.8272763974249807,0.41684876337664767,-0.023936151247447742,-0.10732252522078363,-0.09119543765803276,-0.11890405309422199,0.5015298031402238,-0.1453281850752389,1.24526239263237,0.0008012358248647304,0.3696128026332564,0.06438201707793303,0.37158872635293555,0.2629500228578372,0.7161350012878309,0.509493744894563,0.8002194750610562,0.6703830189454085
2026-01-10,-0.24586144689703504,0.994140746844886,-0.1460692018853669,-0.7533580293241448,-0.5049521469186325,-0.17595321773278422,-0.42513662591492857,-0.7551780669597974,-0.0971285862357264,-0.18674468208153366,-0.7824928482655557,-0.17371772323265855,0.4826657028210633,-0.0887182866906925,1.0903492995439619,-0.23670633778948347,1.758524611019356,-0.27834328037453776,0.841489125359108,-0.0258190235052732,-0.3572711774551119,-1.0644091468077312,-1.1176258207820677,-0.3785159929187035,-0.2718264841180958,-0.18557925154360164,-0.11890405309422199,-0.9915996388008721,-0.1453281850752389,-1.074628314521719,-0.49884183960854406,-1.1130257852245442,-0.2942752849154762,-1.0345197590433046,-0.010360692222190873,-0.9098478942715478,-1.0599201764069386,0.03577150401836637,-0.9562771883786753
2026-01-11,-0.27323531209211505,2.5728326658436145,-0.14703490502634287,-0.5223140702635186,-1.0175049499022537,-0.19129891238427604,-0.9828242597318759,-1.0592827190945804,-0.0971285862357264,-0.18674468208153366,-1.0439623439594872,-0.17371772323265855,0.4115103623950919,-1.2134737456135025,0.4116536574395124,-0.08539436667655018,0.3996053412823374,9.624631346414867,0.8739112762315622,-0.02431384796168588,-0.42626315142910415,-1.6440751663987287,-1.6572903438450968,-0.4757125207460071,-0.32788106504807546,-0.21297590379693773,-0.11890405309422199,-1.8734857540861327,-0.1453281850752389,-1.4096504371402425,-0.675385644195468,-1.4724739746316435,4.859538619369554,-1.4871531368125648,0.634684974334192,-1.510650191116063,-1.4982087962246968,0.5363003606802654,-1.4502909021146746
2026-01-12,-0.14998142951265342,0.8432175264454834,-0.1454015552693835,0.36714025743603784,0.874623295959248,-0.12665657381948825,-0.7515119219121897,0.1981586908390548,-0.0971285862357264,-0.18674468208153366,0.09572577453273895,-0.17372119197295083,0.49237329435217325,0.9013981091207438,0.375410483873439,-0.0923112769866717,0.3994445432772965,-0.36161136170717606,0.9063334271040163,-0.02325540527858853,-0.06135823340037626,0.4381881339752002,0.5386120604488224,0.04151241515331302,-0.07548905950746185,-0.07243033661958902,-0.11890405309422199,0.6187931828186538,-0.1453281850752389,0.5636745499760971,0.05422170166085903,0.5622181464452517,-0.6259882814253377,0.5438778538357064,0.5228833885736578,0.8831626035651411,0.7198446611351469,0.7846468169926604,0.8429226749747504
2026-01-13,-0.14530863533524066,1.0168326439687094,-0.14444777438940723,0.7033498686935142,0.8528260462865341,-0.12872880265928824,-0.7371597623983004,0.5239325516394635,-0.0971285862357264,-0.18674468208153366,0.49439579586032223,-0.17371425449236627,0.38769176996984317,0.6886887496216045,-0.14940767894332188,-0.11321537083489809,0.3153038410416526,-0.3673865794060975,0.9387555779764705,-0.022360057569835008,-0.03564543516720112,1.3323122444023277,0.7530678159177963,0.07049089011383053,-0.06592038816637556,-0.06687195361057133,-0.11890405309422199,0.6477223951830764,-0.1453281850752389,1.6946892995992506,0.10955152012125585,0.7185651594334742,-0.6212759887687904,0.7275960598475104,0.5016729272439141,1.0452867132112027,0.8941572827026257,0.9778610301093766,1.0792702841744133
2026-01-14,-0.14807071812439285,0.7287566962521975,-0.1452525270068872,-0.010084603126326502,0.678236425121593,-0.13309728507832605,-0.7221277288246537,0.5621324700609069,-0.0971285862357264,-0.18674468208153366,0.5592328940303011,-0.173710785752074,0.36776199137843973,0.6863939550865068,-0.32404591086237877,-0.09880373448573597,0.228328852022978,-0.378003785809439,0.9711777288489246,-0.020347909607954403,-0.052306654816450505,1.281408427243884,0.7606343268064312,0.04693469623988502,-0.07157641781861711,-0.06960420765855957,-0.11890405309422199,0.6112424764468076,-0.1453281850752389,1.6328179089651869,0.09483340193941572,0.788628249822268,-0.23756083452609275,1.299363996445808,-2.0835990758173497,-0.08712213247991718,0.8994482493208678,0.9977119499229055,1.0849871817127945
2026-01-15,-0.1462119988827516,0.9317385349258926,-0.14466833621790173,-0.3465512129168312,1.3670718395359973,-0.12848237544590663,1.0204199151845867,0.45408459132664086,-0.0971285862357264,-0.18674468208153366,0.3952624088598543,-0.17372119197295083,0.4227507629886635,0.5596054384768134,-0.45316034031150515,-0.08065851456043958,0.41290333490389336,0.13173956755378027,1.0035998797213788,-0.018975924571969786,-0.042644620932678595,0.9725583840608027,0.7590395202959804,0.06501415283270186,-0.06777024257028515,-0.06735615053046798,-0.11890405309422199,0.5983244004853359,-0.1453281850752389,1.1362713549644936,0.11111580901835671,0.7636836086916274,0.12139137796273952,0.7500867582233297,0.5223048243075393,1.0733414494882456,0.918157928455921,1.0550742451064363,1.1237514353440126
2026-01-16,-0.15787773678046496,1.5194823900416208,-0.14539559413888364,-0.07234387402068809,0.6003588728928677,-0.13105865994944174,-0.7175988356207752,0.3028880363663085,-0.0971285862357264,-0.18674468208153366,0.23611307812464657,-0.17372119197295083,0.46738048196731785,0.32127600873970663,-0.026209695736847595,-0.09616374833503953,0.19173479502796706,-0.33064684333725164,1.0360220305938328,-0.018787901234150566,-0.07472509944873174,0.7525982927801076,0.6456325773368038,0.019535450921511148,-0.0916586501603406,-0.08128422315484209,-0.11890405309422199,0.6066938581505148,-0.1453281850752389,0.6641582714317897,0.08133910977707214,0.7210187306922258,2.396108185699341,0.6491581068328823,0.341945008200567,1.02217362197195,0.8141022516304951,1.095257772095475,1.0345678337452635
2026-01-17,-0.2434308140425811,1.4015325769774947,-0.14634341388836006,0.03781102342177748,-0.3898288088413865,-0.17485549650953883,-0.9644106389542484,-0.643285026644944,-0.0971285862357264,-0.18674468208153366,-0.6348661278649416,-0.17372119197295083,0.3586869380084907,-0.6117258269089602,-0.05831513229804914,-0.21376087515058048,2.5488619067620437,-0.4360074966442004,1.068444181466287,-0.01616608492792545,-0.36337573045357346,-0.8230953356173499,-1.0683495396223683,-0.37005194439332284,-0.2668491780241232,-0.1885239593421568,-0.11890405309422199,-0.8544133109846793,-0.1453281850752389,-0.8858346406008325,-0.49366128284932176,-1.088762691665779,-0.7054335651460644,-1.0127528429203958,-0.08590401439534566,-0.8575336777777353,-1.0276207070572472,-0.022145388842274235,-0.933594014274775
2026-01-18,-0.27227995639798475,2.2674580512742573,-0.1469574103298448,-1.039428637260445,-1.35208215118925,-0.19066044187687822,-1.0809730952989685,-1.1168323579774484,-0.0971285862357264,-0.18674468208153366,-1.1146555308855532,-0.1737246607132431,0.5789160909299772,-1.6450724959881717,-0.49551322764506245,-0.02223557375667604,-0.3069726956794388,-0.4770848223791803,1.100866332338741,-0.017504114438741086,-0.42711568383061344,-1.8028739858393352,-1.6595417930361485,-0.4730052699309037,-0.3259247442036531,-0.21309942341936036,-0.11890405309422199,-1.8053474520076658,-0.1453281850752389,-1.6523237804049598,-0.674428667458418,-1.4946924254747824,-0.7456283576123344,-1.480581193956139,0.5590983965819347,-1.495609059032289,-1.4840839993914006,0.5953458596214655,-1.4377137275302356
2026-01-19,-0.1502023961357856,0.47898006468302506,-0.14546116657438202,0.39937778992304873,0.6924152185980186,-0.12488677837792934,-0.7310362195651833,0.22869926423894574,-0.0971285862357264,-0.18674468208153366,0.13416180064662134,-0.173710785752074,0.4974645294208839,0.7246211108948346,-0.03009293862687297,-0.057129166563240276,0.3130970522978437,-0.3793921388671904,1.1332884832111954,-0.013464555275155209,-0.05953739259221445,0.6680461897033705,0.6156026947463401,0.05389730968677447,-0.07594154187964117,-0.07083446309788882,-0.11890405309422199,0.5656653211179531,-0.1453281850752389,0.7145147088089583,0.060998753265063634,0.6932115897597084,-0.6206623816019506,0.6462518427096579,0.5986578221082147,0.9552070645848366,0.8332785063050758,1.1120959521855176,1.019740783355397
2026-01-20,-0.14351490627687358,0.8875916072812943,-0.14472794752290025,-0.10796969593116257,0.7222541720334812,-0.12161601718213692,-0.7264725175998049,0.3327006234850812,-0.0971285862357264,-0.18674468208153366,0.24531989483041128,-0.17371772323265855,0.48157386358531196,0.5094223806318645,-0.0619932688671919,-0.06674112481312561,0.43268001209212353,-0.3665320663143017,1.1657106340836494,-0.01211210782410812,-0.02433096193729392,1.0055595875575905,0.7439676987685475,0.07701007454790132,-0.06224729596868459,-0.06472765296531471,-0.11890405309422199,0.7020328976408132,-0.1453281850752389,0.9842281413137478,0.11294234634820682,0.7218365877784763,-0.5887152620282629,0.7881265264139791,0.8546727017685789,1.0520142542314002,0.9408179471589739,1.1538285301598388,1.1624419225553806
2026-01-21,-0.14858414057225877,1.1722931325986534,-0.14527041039838676,-0.2665612487554709,1.0504826598235706,-0.12817994204766556,-0.6429524674658055,0.23563449524683272,-0.0971285862357264,-0.18674468208153366,0.12965829931976147,-0.17372119197295083,0.5169183002886151,0.838195629282004,-0.10219101458492699,-0.0546487751071446,0.40994781282256443,0.06041528932727745,1.1981327849561036,-0.010705896129122736,-0.05030688745488551,0.7400880326309985,0.7090965164145306,0.044383034552086434,-0.07262777391868083,-0.06842830085309627,-0.11890405309422199,0.5829500706438661,-0.1453281850752389,0.5815198631080516,0.08488176404403586,0.7504615857972442,-0.5144074205215053,1.3007892907284622,-1.9988993371349215,-0.10411448764111282,0.9148079160821135,1.1000710182316127,1.1241940338631131
2026-01-22,-0.14679041151389172,0.9893684036743853,-0.14547904996588157,-0.45229011674742536,0.8284893112150575,-0.12881841255506338,-0.7057181969683434,0.29247938145329894,-0.0971285862357264,-0.18674468208153366,0.18765560878512386,-0.1737246607132431,0.4959391658563752,0.7218790057161273,-0.1568487828095735,-0.06367496192923762,0.27211148070666913,-0.36327565159933956,1.2305549358285577,-0.009346877669917068,-0.05389594361432584,0.7716992072223297,0.7090302761441191,0.06864715895526875,-0.06895468172098985,-0.06907554367459078,-0.11890405309422199,0.6590029685578828,-0.1453281850752389,0.7212460869566458,0.09800338738089363,0.7016627796509637,-0.5420815798322302,0.7420227104147504,0.6504171789036459,1.029847706030636,0.9159276973769795,1.1686100360603062,1.1355171793101007
2026-01-23,-0.15584354404398346,0.47668485310836767,-0.1452525270068872,0.1636127865195989,1.0557732544043263,-0.13300767518255094,0.8536065164437064,0.2594024728718524,-0.0971285862357264,-0.18674468208153366,0.17486238601701345,-0.17371425449236627,0.47568649323122997,0.5496312491455283,0.3333174835870325,-0.09071212726969981,0.4111810728605898,0.021400190134252116,1.262977086701012,-0.010271986303971354,-0.08547121774429942,0.7303578302928025,0.6010643953968954,0.03664247546867303,-0.087493150675278,-0.08231684719829516,-0.11890405309422199,0.7033974831297011,-0.1453281850752389,0.6223091502668048,0.06146803993419389,0.6592705206803122,0.22842507105892687,0.6116617320874947,0.41759969717219375,0.9610025968166568,0.7812708861657425,1.0688820571037843,0.9827838070105059
2026-01-24,-0.24182555651570914,0.6941033909922649,-0.1464745587593568,-0.36957407095490286,-0.753821715997385,-0.17478828908770747,-0.16825664353797803,-0.696315729410445,-0.0971285862357264,-0.18674468208153366,-0.697290087098685,-0.17371425449236627,0.4137957603755356,-0.5682920229805623,0.20061554439431128,-0.2143472890699787,1.9062873196104329,-0.23464935815279472,1.295399237573466,-0.006670898393530439,-0.3597971993855098,-0.835150241469844,-1.0917640352069535,-0.37180232207550173,-0.2635620266732911,-0.18676503991885876,-0.11890405309422199,-0.8843432193742864,-0.1453281850752389,-0.8968339989357772,-0.500005854581975,-1.1257025700614272,0.1854860539564706,-1.0247854444972402,-0.00842463471263132,-0.8763936840782134,-1.0410954086388018,0.21858877164920645,-0.9212381389498863
2026-01-25,-0.27408668349300663,0.4026770242294145,-0.14701702163484331,-1.5040367907655672,-1.1338980306788813,-0.1924526397923809,-0.6966975410039079,-1.1320039018573484,-0.0971285862357264,-0.18674468208153366,-1.130799481603341,-0.17372119197295083,0.5920972382177888,-1.4631651656555933,-0.29886553055922205,-0.025527039231578275,-0.5683203660847073,-0.3316184847240208,1.32782138844592,9.790493365408722,-0.42941015375072483,-1.807283732711818,-1.6720590441351033,-0.4750901642367879,-0.32962445301147225,-0.21415181060240104,-0.11890405309422199,-1.8095321808402551,-0.1453281850752389,-1.6632944945775738,-0.6812609292589908,-1.470020403372892,-0.08854850365212462,-1.5046463971098278,0.828207779050351,-1.4950385897154264,-1.5004639113324132,0.8073777220951412,-1.4383776253088862
2026-01-26,-0.1545502393968275,1.670326471067885,-0.14518099344088897,0.28160635133499523,0.8771627813580108,-0.12648855526490987,1.5885129811448409,0.21438349146610478,-0.0971285862357264,-0.18674468208153366,0.12538535266833814,-0.17371425449236627,0.4817726212071201,0.7658921344673668,0.3957304470114921,-0.08973647431810569,0.3863554178981592,0.4613429618739063,1.3602435393183743,-0.0037632272833580944,-0.06805219151593066,0.594758113963954,0.5400124661656741,0.04509874453768847,-0.08484479796752255,-0.07200048833355832,-0.11890405309422199,0.5125374594172525,-0.1453281850752389,0.5195911841493266,0.048682278625243054,0.4903830323695818,0.8908427587379134,0.5425705917358347,0.4373462181000835,0.8859786145241759,0.7411578317807638,1.1111899512671444,0.9316267948444741
2026-01-27,-0.1516321801678173,0.9696956068729267,-0.14473986978389997,-0.44267534028408057,1.0261459247520939,-0.12372184973285259,1.7618169954341243,0.3275776136450843,-0.0971285862357264,-0.18674468208153366,0.23570832658332472,-0.173710785752074,0.47564100880971477,0.9344626144235748,0.0633743662523,-0.07922809266412395,-0.6029094987902577,0.47723507175313024,1.3926656901908283,-0.0023860109593248978,-0.04150791106399954,0.7641499123047638,0.7050637799517612,0.07357155483446541,-0.07886936899374267,-0.06818620239314795,-0.11890405309422199,0.6108785869831042,-0.1453281850752389,0.547318733285333,0.10428354721778385,0.64768421195843,1.024926267099459,0.7110492840348224,0.5805795056316498,1.0304708620041514,0.8997002001122126,1.2961024358427742,1.1603395795896534
2026-01-28,-0.14976046288952125,1.244962378220059,-0.14468621960940128,0.16533193805554547,0.5286184103778192,-0.1263205367103315,1.807892203716589,0.24787860493244895,-0.0971285862357264,-0.18674468208153366,0.14932717485311184,-0.17372119197295083,0.5110146352421864,0.801120646197627,-0.2086890895932562,-0.06435866375355868,0.24915336642915997,0.5082993050019191,1.4250878410632826,-0.002349790669208056,-0.05241190573021708,0.5394924819642499,0.6946647775000956,0.04502872943040132,-0.07503657713528251,-0.07025639126495098,-0.11890405309422199,0.5875896613060847,-0.1453281850752389,0.5099094572815888,0.09118032727971548,0.6825794476384518,1.0285723169854477,1.2612640986526091,-2.006737838562729,-0.09419849550278225,0.9058496657231853,1.226191038153677,1.1435577190737596
2026-01-29,-0.14841516609574593,1.4121491040527514,-0.14513926552739,-0.11422180433847308,0.9014995164294874,-0.13022976841352174,1.7856850371711377,0.3871214702661218,-0.0971285862357264,-0.18674468208153366,0.3163717223627121,-0.17371425449236627,0.44933303367142896,0.7445090386347093,-0.141377687392738,-0.07216139737321876,0.3856435092242603,0.533594266227313,1.4575099919357366,0.00021822949498090694,-0.05160147369421443,0.6402456115942393,0.7241668979360851,0.0728013886543067,-0.07228175798701429,-0.07019216106129123,-0.11890405309422199,0.5998709307060754,-0.1453281850752389,0.6880188586531671,0.10143562125512082,0.6450943311853033,1.063481182736901,0.7129021666022728,0.5860623428784415,1.051525540071413,0.9259310769444494,1.1796631005837088,1.134890164741375
2026-01-30,-0.15514165006462244,1.1145258940141778,-0.14465045282640218,-0.400545598238547,0.5849103367170608,-0.13270524178430984,1.6939457229469677,0.3186830153061025,-0.0971285862357264,-0.18674468208153366,0.26665901090136834,-0.1737246607132431,0.4477204071617743,0.5222324957258645,0.36000486284482264,-0.09330996823550387,0.3513564629273573,0.4957895583077752,1.4899321428081909,0.001580230426336223,-0.06873632245541342,0.5108770593243338,0.620431754459926,0.04181581395155737,-0.08605585372835545,-0.07857173224644146,-0.11890405309422199,0.7819066349237159,-0.1453281850752389,0.5734994976554878,0.06280228634642697,0.5784389786558868,0.9907010067963917,0.6029206694946548,0.3848951444711757,0.9856654024740107,0.8114987601199316,1.3859267288124095,1.082737305907367
2026-01-31,-0.2420400241205139,3.3699772645290516,-0.14594997927536985,-0.3896985995373874,-0.9307391987778587,-0.1762780536049691,-0.10550092525918268,-0.703425212453706,-0.0971285862357264,-0.18674468208153366,-0.7022188337157944,-0.17371772323265855,0.4321306449180961,-0.6529878016952946,0.21898175987092794,-0.21374414382588755,1.932312413523381,-0.11360846071743651,1.522354293680645,0.0032060445760194465,-0.3515876281117167,-0.959390066398927,-1.0783777405603172,-0.3674380470546023,-0.26400120074040634,-0.183074273600871,-0.11890405309422199,-0.8084722661921214,-0.1453281850752389,-1.0285685014941381,-0.49428699840816215,-1.1265204271476776,0.21319551619633897,-1.0082943442424683,-0.0330910635295287,-0.8581931693765286,-1.0134274791448203,0.2868052536476069,-0.8980385999070355
2026-02-01,-0.27135709579549155,1.6938377547757715,-0.1466593538048522,-1.0339944715451022,-1.1068101864254116,-0.1911084913557539,-0.7184927654513449,-1.0940092136109012,-0.0971285862357264,-0.18674468208153366,-1.0917332727099323,-0.17372119197295083,0.5131403661570064,-1.6541356687054982,-0.3092021845162866,-0.021078764362530977,-0.4117954176037503,-0.3181319679306308,1.5547764445530992,0.004905335994116712,-0.4242107586106559,-1.7603582741448534,-1.659819714170701,-0.46864877436636954,-0.3240349648845512,-0.2120717401608042,-0.11890405309422199,-1.7315688632417954,-0.1453281850752389,-1.6057197282930977,-0.6717601746339519,-1.4949650445035327,-0.039820740205990114,-1.4849706549422506,0.6472466920895862,-1.4993643459047568,-1.4888026333478221,0.8790330267750522,-1.4276077280107744
2026-02-02,-0.15377685621586487,1.225008206675341,-0.14440604647590827,0.030849196825492604,0.48523553481562165,-0.13034178078324066,1.579988210072235,0.10771413994502002,-0.0971285862357264,-0.18674468208153366,0.016722372416494446,-0.17372119197295083,0.5224476421150667,0.9774627854898398,0.007311532632721392,-0.03982599495363214,0.44380190589267765,0.4619907984431456,1.5871985954255532,0.005820221287807766,-0.07572498312951424,0.306446946159774,0.5080169755510433,0.0454954968123157,-0.08326110966489492,-0.07414972976371183,-0.11890405309422199,0.5666660171431376,-0.1453281850752389,0.3576657344945289,0.012275754970069259,0.5139645783564716,0.9530336156845647,0.5402188561694553,0.6101517196772022,0.8743221459350354,0.7835446642950399,1.681564137410091,1.072778839227606
2026-02-03,-0.14783675346460584,1.1814269039915783,-0.14456699699940426,-0.25713320151249125,0.62067475608297,-0.1330524801304385,1.680740523650577,0.291793990114161,-0.0971285862357264,-0.18674468208153366,0.2142513714560334,-0.17371425449236627,0.4814160640658015,1.0809483440561503,0.3364163828989674,-0.07035837552491964,0.3905765311587956,0.5573759395641764,1.6196207462980075,0.007104311115146891,-0.05389594361432584,0.5845965233447542,0.6832707309863791,0.07879157005554119,-0.07109731883630958,-0.07016745713680671,-0.11890405309422199,0.6510883727223331,-0.1453281850752389,0.44568924533641696,0.06907324448392248,0.6352800461502973,1.0199323218160756,0.68168599478983,0.5474084832429177,1.0106824804778238,0.9052897750757523,1.9531655194913138,1.333469366977796
2026-02-04,-0.14556859606833733,1.438801700700278,-0.14445969665040692,-0.1872085450552316,1.0009626945476964,-0.13492308670474443,1.7186574572717241,0.31509342337739715,-0.0971285862357264,-0.18674468208153366,0.249567224295675,-0.17370037953119713,0.4653683473497373,0.9129609090454308,0.03095850297380487,-0.07078196996919169,0.32445868322189486,0.5526903690258284,1.6520428971704615,0.007504616294205723,-0.04885442484490673,0.5205113976000845,0.6916645252522184,0.058922838498719245,-0.06645272036893948,-0.0652513761643866,-0.11890405309422199,0.7705350891829837,-0.1453281850752389,0.21209610153049527,0.06046965554986775,0.7077967077978425,1.031141985730782,1.242162928242727,-2.0207531500418345,-0.11359445227610895,0.8945305431342477,2.227819364646837,1.4175630856068893
2026-02-05,-0.14357989646014777,1.3989502547079165,-0.14435239630140959,-0.1327374736596918,0.947633501173678,-0.13324290115896065,1.7773095617657595,0.4281481439280775,-0.0971285862357264,-0.18674468208153366,0.3683541165177975,-0.17372119197295083,0.4297325194413627,0.7587552942172807,-0.040943338750031796,-0.07516143955189016,0.4261044186509321,0.5616226345265908,1.6844650480429157,0.009876925678991883,-0.04423390973055393,0.8493970298342292,0.73441181975875,0.0930357546602949,-0.06238037901932557,-0.06217326717361503,-0.11890405309422199,0.7115849960630283,-0.1453281850752389,1.1731650360462873,0.0875732611169888,0.6788990907503245,0.8481863827080363,0.7226075298582209,0.56328115517933,1.0396819430120914,0.9384664064397552,2.6888003299347245,1.5886274132392295
2026-02-06,-0.15592153226391245,1.494031922214661,-0.14613477432086525,0.5957450627302986,-1.2813998075903528,-0.168728419885914,-0.7593190463144037,-0.3745767712958086,-0.0971285862357264,6.307912646082885,-0.39552475757568334,-0.17372119197295083,-2.444907636739521,0.09634100292833872,0.23875360312199004,-0.05708217556456151,0.4630385695897153,-0.25872294449037003,1.7168871989153698,0.011124268897599524,-0.10933159989518278,0.28367923132902,0.6065248976882082,0.09989723517443623,-0.08765285033604718,-0.08082473015942997,-0.11890405309422199,0.683019673162309,8.514375382739974,0.7579392589021254,-0.3130457262802383,-0.3980823823272229,4.896498664198549,-0.43157573703426416,0.33593598853457723,-0.2101927120773248,-0.31028880956606775,2.957503844926997,0.1342486794750124
