date,raw_min_trip_start_ts,silver_ml_imputed_fuel_std,bronze_idle_time_invalid_corrected,bronze_ingestion_duration_sec,raw_null_count_avg_speed,bronze_std_fuel_consumption_ecol,bronze_mean_fuel_consumption_ecol,silver_fuel_ecol_available,bronze_correction_trips_removed,raw_std_fuel_consumption_ecor,silver_ml_imputed_fuel_mean,silver_vehicle_type_nulls,silver_ml_prediction_mean,bronze_survival_rate,raw_mean_fuel_consumption_ecor,bronze_distance_km_std,bronze_distance_km_mean,silver_avg_speed_imputed,bronze_excessive_daily_events_units,bronze_duration_mean,bronze_duration_std,bronze_std_fuel_consumption_ecor,raw_avg_speed_mean,mean_fuel_per_100km,bronze_mean_fuel_consumption_fms_high,silver_ml_residual_std,raw_std_fuel_consumption_fms_high,raw_mean_fuel_consumption_fms_high,raw_std_fuel_consumption_ecol,mean_idling_per_100km,raw_max_trip_end_ts,raw_ingestion_duration_sec,raw_avg_speed_std,silver_vehicle_info_join_miss_rate,silver_ingestion_duration_sec,bronze_input_rows,bronze_std_fuel_consumption_fms_high,silver_ml_percentage_error_mean,bronze_mean_fuel_consumption_ecor,raw_distance_mean
2025-10-20,-0.13710344308519948,0.38009552115400047,-0.10299985543143263,3.548681254892911,0.007233658278119284,0.7780781690486126,0.0367610972718543,0.8438292839462028,-0.1238971671461403,-1.0421464554199003,0.6471756561942251,0.015774274298691097,0.924720539028963,-0.19230654048486967,-0.7051618113268393,-1.0550920126450989,-0.9405500505764411,0.029346627637194908,0.2605219404938134,-0.5164278321239151,-0.4786607188761967,0.27747242386767157,-0.04824606790284194,0.4322921765370379,0.05976823977398741,0.7655180113121384,-0.17116010651152583,0.10787077568602361,0.6646460761852838,-0.627904106275004,-1.7199099059902647,1.284586706733155,1.019354070629583,-1.6976718162323188,6.833260879273019,0.6573998068493196,-0.41704855110515265,0.8725973317724103,0.4799623316804988,-0.6537033408118462
2025-10-21,-0.13565566353082995,0.4322776902267465,-0.10139877006200022,3.7421540923947445,0.033592374453233195,-0.7611445218164398,-0.6442387742247682,0.900384545754207,-0.12098522739188827,-1.0533330245316639,0.6210684389697985,0.11649063492338943,0.9387400140417431,-0.23106071043485138,-0.7227079095173288,-1.0746325643116506,-0.950781523071012,0.06414506737472686,0.5991309978826459,-0.40211941829168796,-0.26121031344586254,0.08221315150029612,-0.03409782395589181,0.483073372629022,0.11818373989076907,0.5271499698748783,-0.16733783854784637,0.16601079907156463,-0.6539486885018654,-0.640446792134035,-1.6883777343057762,1.3029403266148814,1.2216143108368793,-1.646159386096872,3.8347521946732455,0.7973103795102826,-0.17804178280316754,0.9508305480803709,0.5307355876276239,-0.6902210262067425
2025-10-22,-0.13424215783584115,-2.04974553100597,-0.1268912286036721,2.986798070286136,0.017915874833297027,3.6092170383213853,0.2826307583416304,0.41128373941944346,-0.12403551722496221,-1.0687231242417712,-2.099197942034991,-0.22868908209511085,-1.601850534968865,-1.296937726896828,-0.72448113070632,-1.0383503107097902,-0.9209319917442773,-0.07707315844484985,-0.3387861256811114,-0.37791832091157385,-0.22692862820103438,0.11397589443408063,-0.043676218305366714,0.3463379849566401,-0.2940349951423096,-1.1703561031613692,-0.13418355993186384,-0.17825700687291818,2.5883080685252695,-0.7913046980058387,-1.6568455626212877,1.2877922151241112,1.1419499538293956,-1.6495986876313165,3.2193319195961734,0.7880958904124998,-0.6986715754870433,-2.09736081981383,0.4629590152024357,-0.6552223604155232
2025-10-23,-0.13388296132276514,0.3444038589639446,-0.12399564868023052,1.5580307482369924,0.018705569164049425,-0.15122953324656987,0.4988765700011303,0.37489758302730586,-0.12360070269152187,-1.0519612653289745,0.6000553000832772,-0.23414735553653845,0.8766466962651301,-1.3224403382298529,-0.6990715565383987,-1.0725208948684875,-0.9375627912932641,-0.08579609173026335,-0.3505582484095474,-0.12558176897142653,0.12496022115002463,0.3200316694105506,-0.0552944991870446,0.5445165752733147,0.3249021984729857,0.496451699853088,-0.16022382680237005,0.43360096203425574,-0.3040845223340802,-0.6412823883299238,-1.6253133909367992,1.283059441191716,1.0979134054884772,-1.5647326880196497,-0.500258889409128,0.7579424579397105,-0.1473820779681179,0.9566434862881563,0.671945332253985,-0.6496621227396229
2025-10-24,-0.13133563755886618,0.025904853014341804,-0.14135777300549393,-0.8133832107154505,-0.018346035111252393,0.5020163793702511,0.23891756919300688,-0.2756923443736864,-0.13400331099913262,-0.9795904425073692,0.4056043173949239,-0.6557429007350252,0.4921843549825788,-2.4001453214945325,-0.7387968928004323,-1.0722802299234293,-0.9441904377495285,-0.2643503378794923,-1.3539711820624214,-0.45112297935755225,-0.297130443127056,0.12754445667338576,-0.08584248787478518,0.4545962759496793,-0.9047276942568944,0.6837294119230115,-0.17552946516241305,-0.9018846369877184,0.6111569725799374,-0.05860538566394095,-1.5937812192523106,-0.35550014388235796,-0.21431660553266565,-1.6441792057279951,-0.5206993839869659,0.6215458365299655,-0.7829719048020699,1.0021460600950955,-0.03298151388183017,-0.6725658491001628
2025-10-25,-0.1298180654332954,0.09810845561456648,-0.1732545730248954,-0.980419450856106,-0.32171671666029616,-1.1921129964386539,-2.898062944034969,-1.4213792986384837,-0.23261397670421022,-1.0713323942494644,-0.26331916514197046,-1.5040557956626532,-0.7246774662784969,-2.42538022810586,-0.9222709707721141,-1.0713351063241063,-0.9389176056121709,-0.6018532213016973,-1.78311856516268,-1.0509692389821375,-1.0689983907863212,-1.3958443100994282,-0.1809038930091556,-0.9759264584975499,-0.4781925573158066,-1.1353229836049,-0.15185833962074466,-0.4346488895253973,-1.0950336470277466,-0.13846136564813108,-1.5622490475678223,-0.4442687355817745,-0.8104845864178213,-2.2392921734785047,-0.5820669263469498,-1.0790488409750452,0.31616717555041357,0.49183152579119427,-1.7322018450895142,-0.6731428675998153
2025-10-26,-0.12925130190107353,0.8592631593494808,-0.18995809485776816,-1.0103181322351378,-0.41957478440353285,0.2515430523726604,-1.1871610730795457,-1.4329629064786773,-0.2666151555994471,-1.0700256973773594,0.12950642475056798,-1.5618910628810676,-0.25047497415925135,0.5541209881787315,-0.7202083633732201,-1.0615407616888626,-0.8480771810117101,-0.6665708557411769,-1.0844965908787678,1.3252434100194446,1.7322412204812463,0.2660208810667419,0.006751087591431834,-1.86354047851761,1.1016560992095055,-0.41008156136455004,-0.14046472092939352,0.8177336681007518,0.18226811091203193,-2.8456762103559288,-1.5307168758833338,-0.49504897444486196,-0.44514478071165314,-1.5371536257708422,-0.5873891001188488,-1.6677714369417957,1.189266891488261,-0.13810663915242305,0.2168479963062935,-0.6516811034929472
2025-10-27,-0.12713922381748027,0.39879720512966066,-0.08974831907591767,-0.7151355605899739,6.199867198408302,0.10208603327388993,-0.5386580517481773,1.0937626578157922,-0.13249463633007444,-0.97504188590026,0.7080629769484492,0.28580926791123606,0.8450934422680004,0.5631956463354159,-0.6514833808712652,-1.0743319198145103,-0.9513509248854332,2.503193830731495,0.6808937411965106,0.21277872632789116,0.5367311764377921,0.7331834215708655,-0.0593450940622417,0.8314317551615732,0.8487265014060403,0.8163603954124132,-0.12494289537689299,0.9304098766032418,0.06824282201266937,-0.3814951138442791,-1.4991847041988453,-0.3807230590528121,0.5267157413635651,-1.476983008921146,-0.49521504118599535,0.6254508670042642,0.3522096845276252,0.8196534612658113,0.7148020528558697,-0.6875063452939361
2025-10-28,-0.1257810251380299,0.26626073702773106,-0.09141753573766634,-0.6825385475925045,0.015151944675663625,1.073403757318682,-0.3252816561005986,1.2488467251350903,-0.1349651734518946,-0.9706776862115931,0.5644331406420019,0.3605801369718881,0.8123162697882457,0.5766359439285185,-0.6474110592575952,-1.0755574884633585,-0.9527365416557657,0.16295211168041074,1.1851686711636973,-0.4057966648234441,-0.2951860958206773,0.9321400630411072,-0.061376984838530414,0.8366663667816443,0.7082784590801067,1.0668676760151807,-0.14342949046839523,0.7894596874476799,0.9885065745512802,-0.4132941424460402,-1.4676525325143568,-0.3763937349470546,0.5808448759321543,-1.5870745398637298,-0.43359775883563123,0.7570335408503404,0.2834952503110471,0.8244761121638052,0.7612886712647202,-0.6792717579614905
2025-10-29,-0.12572765815226775,-2.4029924361031236,-0.10889321221679017,0.7696892661523496,6.60285675262726,-0.15921012979899188,-0.5130293323595116,1.2044201821244653,-0.1366517267937238,-0.9936293189902987,-2.301098749104905,0.42970580541846093,-2.0090324003369093,0.5406856147939428,-0.6816842900293507,-1.0762715665362108,-0.9579374394214094,2.7033501646051894,1.0802897595830854,-0.4378365090716009,-0.32098938554548434,0.5404625418342472,-0.06829186265110564,0.5317697886150669,-0.1435565720172535,-0.3740114325733125,-0.17423105086075935,-0.06912630682092497,-0.17472053350354697,-2.6037157351171274,-1.4361203608298683,0.11064633095612492,-0.1853191868958211,-1.4394231035832832,-0.020983982473600993,0.7984159165405387,-0.5768071955678806,-2.156857652537456,0.5339218161707621,-0.6840409027070555
2025-10-30,-0.12298130350023848,-0.12598220361139467,-0.09206478301467091,0.7999517489718025,0.0045977866606078934,-0.3746141690752329,-0.8751694548908766,1.2082359588247644,-0.13407578008803933,-1.0323533701052565,0.5319613405561763,0.44174391533722596,0.6161700061677139,0.5859543167677854,-0.71057269612321,-1.0734485222488717,-0.9435092479767334,0.1604705071307637,1.3467678104358645,-0.15794284020052984,0.07677713967892473,0.3697666744523194,-0.06203021553735175,0.4739099571653098,-0.29719897308321114,0.5534240788096161,-0.17271829785969606,-0.2216285888578252,-0.36985460524306485,-0.4827229099921198,-1.4045881891453798,0.10791639883915326,0.09933133402621905,-1.3742322668540674,-0.04819023739682434,0.7690453627334746,-0.6374313003691274,0.9668422359927659,0.44908770184545876,-0.6822739806561371
2025-10-31,-0.12179232391802308,-0.4083922175374788,-0.11581989360227786,0.5738958042329484,4.686866218411753,-0.3245739778393067,-0.8960334273369265,0.6751174426972651,-0.15577697816610758,-1.004759676499882,0.219690881456358,0.029233030729608468,-0.2571001992725509,0.5623970736050158,-0.8108674711755354,-1.0739129944421637,-0.9538277869850219,1.8721759039306411,0.7502422459967518,0.422210426977533,0.951705740650043,-0.10207545933026917,-0.0873100421154189,0.0544700711811706,-2.2737033161773557,0.9325228697279185,-0.20118816545154472,-2.207320672478131,0.10108155349092421,-1.8415085376066194,-1.3730560174608915,0.05127139320257148,-0.591731665939352,-1.771592312277664,-0.08540301996215065,0.41022333347096873,-1.9869109353662557,1.1261335602721336,-0.8714727989789104,-0.6874950374053282
2025-11-01,-0.12014543264094926,0.0473364308208644,-0.15613090822273895,-0.5663572291094242,-0.33739321628023233,-1.0645784747616067,-3.022373461422018,-1.2404024608528703,-0.23965006642715403,-1.0671884894104433,-0.47219085529450927,-1.2942861225129938,-1.1591849057493457,-0.16091406421269422,-0.9689859398185947,-1.0649870826286216,-0.9001676356563552,-0.5265048034625078,-0.9663472864042826,-0.19377669773120643,0.3390289186289732,-2.061335683290109,-0.22661936678348454,-1.3609944867774757,-1.1758918522019368,-1.65178071116222,-0.16374496779604802,-1.1668823300874105,-1.0392649352399275,0.022379593484174093,-1.341523845776403,-0.2761011461133138,-0.9974069987139835,-1.9479891889264056,-0.35657413051402703,-1.1817874415151108,-0.05254166500704215,-0.07419076723000043,-2.329472960464925,-0.6812698824372219
2025-11-02,-0.12158469223121801,1.0337662635700502,-0.1871420014420289,-0.803588860971683,-0.40318329126791547,-0.267231974535251,-1.4010530818999667,-1.4568115108555464,-0.2584788533449194,-1.0702916951921149,0.14050060667351588,-1.5436095853957381,-0.07344833507249846,-0.9470994178578117,-0.7449345007989703,-1.0575734858234527,-0.8225773648982618,-0.6670559814426117,-1.3235777015635501,0.3447108270806867,0.6924245114206876,-0.1412267624126579,-0.025609910401786517,-2.0203417308860274,0.08432393044416249,-0.5829052045082252,-0.1505085947581549,-0.1665044655671488,-0.276971279692503,-1.3469753297225746,-1.3099916740919144,-0.37652455399140206,-0.5293827150424697,-1.1272053679774154,-0.3971610355513558,-1.5398510795770566,0.9177404881354972,-0.3320683792510463,-0.09261430190982782,-0.7007777557610395
2025-11-03,-0.118415766760088,0.489396122739945,-0.09375671010719168,1.0106254662889929,0.19449793011653987,0.40289203383467503,-0.5483469462670092,1.0291670093893008,-0.0662381247723536,-1.0404991376966854,0.7857747619779288,0.5045514453481736,0.91158044943906,-1.530293421931314,-0.7044162887371812,-1.0766778173367113,-0.9555302138155991,0.14461062843001185,0.7979728526956834,-0.5393305619875696,-0.5215646742412438,0.33559234217392736,-0.05083255377951001,0.5663149618121717,0.14163618262572542,0.8365269903120887,-0.17046887763501328,0.16675955589250274,0.45708639995850364,-0.6501155585512979,-1.278459502407426,0.36350799685860263,-0.43075512227780294,-0.933282469536159,-0.038973717856932155,1.8230938963817407,-0.37299460290106196,0.9776742786991584,0.47103907205493745,-0.667505554809931
2025-11-04,-0.11708581168079714,0.5142998902027657,-0.08610329493699709,1.0147573603559936,0.11018205299120587,-0.09076607483680557,-0.8234963243263055,1.2616568326289515,-0.10298654094705449,-1.052021337637745,0.7410417425349167,0.686917594987104,0.8944809821089098,-0.49759688310619804,-0.7202477314365352,-1.057664927885387,-0.9448692104671302,0.20539128121554018,1.1106832400819566,0.1387441796122641,0.48025488839933855,0.3429326173048716,-0.06355760812699912,0.5186442191398848,0.01730307341859259,0.8912239079830713,-0.1720855799098918,-0.020200005082511616,0.08705177219808301,-0.5684418905708948,-1.2469273307229374,0.2681827726281966,-0.25825585314885985,-0.8034145981830766,0.006018638710670841,1.3571925032688412,-0.47531591173008275,0.9822499406949907,0.40402865486554446,-0.6901514351860241
2025-11-05,-0.11458603481333153,-2.111487693880876,-0.08736372384484813,0.7855360196639612,0.026325052301309073,-0.26155673663369267,-0.6059145000101167,1.1426863662231983,-0.128970003369611,-1.055531128299411,-2.117498298606419,0.6868054386835131,-1.6601168672788778,0.5854367287717455,-0.7124085098289796,-1.0735308965326587,-0.9386102237644413,0.1965563958451802,0.8987850309701082,-0.021485881839908894,0.27035517145955523,0.3751660716129828,-0.05881249778101237,0.5029243219181918,-0.25354377976312076,-0.8550108400615577,-0.17513242483460853,-0.1998659120779505,-0.2689498392896013,-0.5803610134937827,-1.215395159038449,0.13869728878270587,-0.12363547272202524,-0.7709129834061813,-0.008467302022158693,0.8263280257311411,-0.6099626861853916,-2.131487298894967,0.4668551080870966,-0.688186209350012
2025-11-06,-0.11321795814893701,0.6512534051308291,-0.11066462581701325,0.806800615745339,-0.012743473980914414,-0.5184902176637562,-0.6192720742928718,1.1255153710718524,-0.13594680020163113,-1.0564430660562936,0.8857262987675123,0.694020827547866,1.0436337288999256,0.5745563788979842,-0.7217263822795525,-1.0738808142863443,-0.9390871731828677,1.336004716430489,0.7836322668264977,-0.43938745485387454,-0.3448646597546651,0.4628306285548491,-0.060632362055738756,-0.14632568717806052,-0.22502949092779898,1.1875877532881005,-0.17585731419043404,-0.16934786181971428,-0.5057911095623507,-1.0852404807306544,-1.1838629873539606,0.18992355543958353,0.3744490963582652,-0.7662598690528732,0.01152569257122138,0.8372112635579813,-0.7362974415971634,0.9389914419853994,0.4025774947672141,-0.6508471467929641
2025-11-07,-0.1123171538230714,0.4391434356282502,-0.12066857057211923,0.735701936393128,-0.061661836307522574,-0.5281857534561206,-0.6654891734805082,0.8287024548843029,-0.14930087685744303,-1.0688839254326852,0.9000278235865987,0.6009684810018845,0.9553384288963266,0.5655920467056933,-0.7806966080465062,-1.0281075798771948,-0.9516441580429207,-0.06549544699330102,0.7519545547572517,0.3574083251046587,0.7961809418671713,-0.06724322067547821,0.057796966984646016,0.2552678163944134,-1.4367695818902577,1.1754332448626725,-0.18562075513396167,-1.3774260399043865,-0.5124768472995742,-0.09899712189896448,-1.152330815669472,0.1368701803005825,-0.36249063088369154,-0.6862356443017184,-0.030784913170132586,0.7066815507140123,-1.2480205892096725,1.0747326165533753,-0.19834874375618358,-0.6671519440138872
2025-11-08,-0.11371405609655831,0.22586109983780153,0.29353562106465814,-0.2769626743793826,-0.3621512007038211,-1.2739913275918142,-2.7185949705295798,-1.0994912784203974,-0.2416396723225932,-1.0709994852116298,-0.16098974784170078,-1.0695248901166736,-0.5633135771450276,0.49509489456714667,-0.9039825489689657,-1.0691086763725548,-0.9409121898244167,-0.46981506644773224,-0.9177605253251011,-0.6709144243558882,-0.42699833853333463,-1.4472599028509225,-0.1994567000510035,-0.9115565591914373,-0.8460789382319078,-1.0355740218694318,-0.1614756442728048,-0.9771849374218479,-1.2425839115733202,-0.03426925620458269,-1.1207986439849835,-0.10538245798049216,-0.6842267892767345,-1.3727399593041614,-0.2616957041913292,-1.0657017320208393,0.17190589244977075,0.5511911540963318,-1.5281091432781173,-0.6682087063699123
2025-11-09,-0.10901911937033076,0.9532842140747473,-0.1884932720729683,-0.7187943995186646,-0.4244623520181896,-0.18041481782133378,-1.4498651961656122,-1.4660783971277014,-0.2674518441713702,-1.069970824053778,0.1437141855611444,-1.524804711826984,0.03486918196028427,0.5190466577334594,-0.725889274875291,-1.0556852726232717,-0.8098736757146378,-0.6680868735581605,-1.3066686525536149,0.37108908120489137,0.6767469025229825,0.387598440268709,-0.025659973517051085,-1.9502088754002447,0.728070374447319,-0.17388453326708472,-0.14195174462504603,0.4539495550011256,-0.22354689534396877,-0.8984227557918979,-1.089266472300495,-0.17400256555217553,-0.24659932162934622,-0.8523396607075379,-0.21839104385917316,-1.6681092199171639,1.312321599750484,-0.13211035264175636,0.10342683117039357,-0.6595957065836242
2025-11-10,-0.10760204078717067,0.12829101351253577,-0.12087296444906805,1.1565288397944011,-0.06419099247493229,0.37457694615587556,-0.34501192591226276,1.0316200086966358,-0.15026932740919652,-1.043722771591819,0.5339600998287567,0.5573022934704637,0.7410494495923011,0.576871332651,-0.718041676734875,-1.0563550320772155,-0.9499643790474003,-0.16300104831148202,0.3007611963655583,0.17399573131326923,0.4943505961439155,0.14547044493760286,-0.05629466197583147,1.5724700143532553,0.02107453390519177,0.5998491816797551,-0.1751012874879805,0.04145838921720626,0.3287514104122706,0.7610028243169568,-1.0577343006160065,0.26086959117399494,0.2974435379642588,-0.32712906540354053,0.21619317887047537,0.5337013765669004,-0.578295500057148,0.6491625864019789,0.43975844806451614,-0.6670656099369561
2025-11-11,-0.10630071731399457,1.517036964989916,-0.13960906983604293,0.9238218612645605,-0.12978897965243236,-0.16384462345554057,-0.7994724228569259,1.036117174093417,-0.16493443576432096,-1.053513521875351,1.5340087744959248,0.39456349695995446,2.332863450678779,0.6164356051216325,-0.6748327486408325,-1.0123539409762181,-0.8503955134917556,4.172380758602739,-0.08022750284564384,-0.021575165377453756,0.18107192757704108,-1.2880466254519196,-0.07390866609791617,-2.313873806709689,0.24499993081177326,0.1562318478174042,-0.16714148884075308,0.30797753347666434,-0.17602489480178893,-3.0173972265926925,-1.0262021289315182,0.2006721483356603,-0.02207013159311038,-0.14195247531394986,0.18077992652632968,0.2913294878978905,-0.2562581241425355,0.7520014127875992,0.7880455808352942,-0.6731211462031365
2025-11-12,-3.288498255481754,-2.0336352829064754,2.8668431766348763,1.3353359172298724,-0.006511291694976551,-0.2158835001840352,-0.17527081094771,1.2012857941206483,-0.13771899883035013,-1.0195959601797044,-2.111926094380651,0.7698384887753672,-1.6775184193509098,0.5611941481185149,-0.6923283131378669,-1.0752072627589238,-0.9452387496565657,-0.19116166234572873,0.8514825014613017,0.1902755346072504,0.5644107556456306,0.5557635867518689,0.36586927467747504,0.5520178938899923,-0.04500092968898468,-0.7161545522483004,-0.16891611331439743,0.017028902304516057,0.05701534673469627,0.19447059597455849,-0.9946699572470297,0.4710168097918678,-0.1568450067106546,-0.5070858483378361,0.29766026343918633,0.8321373167318222,-0.4184544833434232,-2.122561792364107,0.6357077812730993,-0.6545372754146531
2025-11-13,-0.10345238176339282,0.4246973147537943,-0.12488135548034207,1.2384782836436459,-0.00559353882410214,-0.09686486591180675,0.291038876354312,0.6970581587239849,-0.13870721367907818,-0.9580106060138265,0.7201051724838776,0.37041250625336386,0.9041130096610855,-0.5740289856455463,-0.6773677199566184,-1.0763416672778812,-0.9568573985231303,0.031203166379224094,-0.10334367111239094,1.6294864148408783,-0.3648856120188031,0.5720611083177353,-0.06820403993408551,0.47975714419455057,-0.15727547404977185,1.035430314126128,-0.1738150742228999,-0.035161147468600044,-0.06771329964766197,-0.6141415127697226,-0.9303107510871202,0.34976316111326033,-0.016109687771879502,-0.53035577678868,-0.2843467165066706,0.8706071245064794,-0.7128835638589277,0.8976198550780202,0.5407274448176158,-0.6780089273308194
2025-11-14,-0.1021950807992232,0.13721671151691284,-0.14026767232843357,-0.7364777232487679,-0.04632682612791177,-0.07639391345771358,0.5024126693219477,0.11624243384274714,-0.14882653373005356,-0.8916254883470183,0.5611613812610409,0.00706346805312513,0.5523367292648895,-1.3471279361748654,-0.6935315279831217,-1.0726306194149797,-0.9410135901758703,-0.10199649135606073,-0.600983404632641,2.954525097311294,-0.42420319440884247,-0.06970280451437791,-0.09636494826762763,0.3727742218091624,-1.1697040596741766,0.6324890491689888,-0.18846020740416872,-1.1602172620070856,-0.1959155923738096,-0.12332332588729077,-0.8987785794026317,-0.4075341039428651,-0.28325407617762316,-0.48292865081409303,-0.5068017226157332,0.7457095286505251,-1.3911953349225643,0.9964000853470951,-0.07151362810104807,-0.6617108857193453
2025-11-15,-0.10060981780137547,0.14585775093198286,-0.1847460509955733,-0.9742190646875741,-0.36237530314903466,0.17944848367004276,-1.3779018594902803,-1.4133389120199962,-0.24120485778915285,-1.0010877044259716,-0.21640204844738722,-1.380646476278047,-0.5716365105964037,-2.0962879874343168,-0.8460715460073438,-1.0637637008866894,-0.9019358772108118,-0.598098161785784,-1.8177928175628006,3.828827158679046,-1.2431438020610674,-0.7793569879957841,-0.1940271733271048,-0.6380091120951038,-0.017688325165396226,-0.7529916827584406,-0.14773386406877423,-0.3568472823077487,-0.24907574944807043,-0.21655284031454242,-0.8672339992246563,-0.4697327262138041,0.9729627897698387,-1.2407612039901108,-0.5530952512561106,-1.0610577562742,0.7112028111815024,0.4523378947037728,-1.3482032271921618,-0.6492285743509528
2025-11-16,-0.10177939708582819,1.0605397154601235,-0.1996100279359067,-1.0286929912063734,-0.42956335053304967,0.8468595339042575,0.38514603915218365,-1.663408563628882,-0.2703967244205798,-1.0699998401788422,0.1443530066781146,-1.7300133619639437,0.113581325347961,-2.7447812695327456,-0.7129435032899138,-1.0509446348448732,-0.7833462250603065,-0.749471374644048,-1.8503266840122965,5.185733235236367,-1.6543617562570618,0.41437069320291336,0.011783325917054527,-1.8591528442343286,0.688971368971389,-0.39895094755644406,-0.1441900572089837,0.28797689852619024,-0.25252626530369493,-1.0833298533263884,-0.8357149659450364,-0.499525411941876,-0.09702069745559998,-0.728601081297303,-0.5880519813320058,-1.6764860936623813,0.9451588706070538,-0.22856402092526598,0.28050981588039975,-0.7047554072846683
2025-11-17,-0.09972377386872432,0.427806027051702,-0.12450663337260257,-0.6827001628240927,-0.04687107492343032,0.29270498617490337,1.097478844138789,0.6046618514810287,-0.14634940850924189,-1.0287792982923731,0.803134686489679,0.3585987089417808,1.010520775274258,-0.1954483184777352,-0.6815243710587752,-1.072725233910231,-0.9470751815991117,-0.011361949251470148,0.18988920412319724,0.22197544832469407,0.5282281259414086,0.4824946284481159,-0.052644978367304425,0.8158944763975384,0.6628307334599847,0.7409861214800758,0.8993546129984412,0.9687259957294844,0.1591506704026606,-0.3381932524496822,-0.8370090988245872,-0.38475998349951523,0.701680226713987,-0.3924437976775636,-0.4789380210162767,0.6345018662610904,-0.035460048016046276,0.7276461820098444,0.8249574550245635,-0.6528956240773803
2025-11-18,-0.09645359501018792,0.464872923522891,-0.13658858254335485,0.25870377126325245,-0.015859565123883347,0.002356825070104816,0.6099946942611366,0.3406918704639106,-0.1419617345808893,-1.0265480327143641,0.7355169233760747,0.08108662842317067,0.9979565080418562,-1.31631359741345,-0.6707360998529522,-1.074838235216784,-0.9447299454981772,-0.09455167770711959,-0.4644267809827831,0.22670876944657595,0.5344023216083656,0.7027910329586423,-0.07109814857141739,0.859241987718056,0.8505768626305324,0.7334608528069478,-0.1591423525612796,0.8766852616614523,-0.22419946190447787,0.0905650066757266,-0.7906312595500337,-0.35474080934469265,0.36597541502524833,-0.4175902380982313,-0.15300597642203048,0.814669831653776,0.284577012402681,0.6694354620174885,0.9469519724702637,-0.6602178402768114
2025-11-19,-0.09507214830725196,-2.034296267908397,-0.1532126178685253,0.05261439697053151,-0.032667248514897274,-0.13189027834950107,0.5408978224253963,-0.06459812620356972,-0.1421330251546688,-1.0338681666267315,-2.0710991266581424,-0.33695730049493505,-1.538758755460616,-2.3890904360561445,-0.6423915840322076,-1.0723200128978256,-0.9326460550483614,-0.2553288657008882,-1.252516888002809,1.0263606160571623,1.4313017740934815,1.120096251559218,-0.06565668374435135,0.9185987777285465,0.9607860426974031,-0.5974659794912569,-0.14562401533469155,1.082882998502555,-0.04567359725809794,0.10940802522095162,-0.7653898291077388,0.10408830561790884,-0.23126259741663732,-0.35089003642605204,-0.2363254178741525,0.7608485438791784,0.4366299450837881,-2.1560990625036127,1.1130722124103605,-0.6655857474486693
2025-11-20,-0.09364608091946182,0.45287866162317014,-0.16733850580876575,-0.15876721771416746,-0.030148763892497727,0.4412850369912114,0.9704606035689989,-0.5731866492577178,-0.1398074262106621,-1.069986683371974,0.751908009217572,-0.7244947148362947,0.9549235760046997,-3.524244626256394,-0.6853328981847843,-1.0414314103147553,-0.910185451644438,-0.39426140311947416,-1.7082050568908145,-0.06188051075984795,0.13425755892298394,0.8764708388944055,-0.06879132588813937,0.7696405039032075,0.778449151415271,0.9170832127928524,-0.1588216658608506,0.8368676051838577,0.06554931873813519,0.1923155460990509,-0.7424125837711218,0.14957869258722847,0.6269586949625385,-0.2912845587786156,-0.2945163543397573,0.8184473832653025,0.3801113575861571,0.5091074459833921,0.9706880807634153,-0.6591252354871378
2025-11-21,-0.09220520463771284,0.22916193358056422,-0.13535086406627592,0.519485975218394,-0.06680552100242335,-0.20865666300770372,1.018544609100434,0.35650008822229245,-0.1482270167218252,-1.0415853746755799,0.6128103131938131,0.27081770866457533,0.6188082631283294,-0.5562660739978981,-0.7318404986677599,-1.0779539745421862,-0.9739983058042292,-0.04595047882972744,-0.274360508567307,-0.35544190529598085,-0.2330636232988015,0.11849195292970778,-0.08816728631358314,0.569403662987272,-0.6496415329710138,0.5408933891649664,-0.17860792310726073,-0.6059379855033957,-0.22337271132199005,0.8599357227215321,-0.7108804120866333,0.08462761366094362,-0.3165122353363814,-0.31973654225337256,-0.3599030780671212,0.6605010722905462,-0.907146925517227,0.5722152239644845,0.24371864638727997,-0.6826442306457003
2025-11-22,-0.09076381101469018,0.06224475604288505,2.2494033400186586,-0.9282627098425753,-0.36620638780768483,-0.5222477073302723,-0.03645984099233407,-1.0734622302147858,-0.24191637248023704,-1.0302294496540267,-0.2186755462542054,-1.0454486702791437,-0.7650854462393825,0.4853161329688148,-0.8365977379881613,-1.0677650083384165,-0.9079902801659948,-0.48468137039458403,-0.9012795535052908,-0.8550945676885637,-0.7960854147641836,-0.5520501932944941,-0.20631097755940836,-0.4927593392040265,0.40947697971908786,-0.609131629173433,-0.12934654600720347,0.20031831077941617,-0.5309120956717759,-1.5469983571704118,-0.6793482404021448,-0.4699536733644919,-0.9418008818218802,-1.1114490397173962,-0.5579758887466806,-1.073506751432491,1.3675806373340926,0.016004760357664943,-1.0865504841971885,-0.6536545636753596
2025-11-23,-0.09648298646129838,1.2499572249401818,-0.19666902715092097,-1.0187968523878432,-0.42609509840474524,0.1629318379688768,0.053668416936146504,-1.589682306669532,-0.26911863321622487,-1.0695779997984225,0.2574226791149012,-1.6452979673182249,0.12490224268637994,-1.6534680404252922,-0.6753259228070108,-1.0619515202006398,0.9052586179153391,-0.7267264427190874,-1.763641053011995,-0.04912330083483287,0.058204296714314235,1.2442969648134516,-0.04649927073271921,-1.6359706874881847,1.3902633003741147,-0.1222887573236475,-0.1272560148410423,0.7530267855223051,-0.05830781040123292,-0.20592858301154982,-0.6478160687176564,-0.5023198325310813,1.3554754833840705,-0.4100445677754833,-0.5846567398367677,-1.6710952502282008,1.8929345845251726,-0.39094371983685755,0.7014006835389833,-0.7072355791020347
2025-11-24,-0.08802219326869798,0.4405521449198158,-0.11434371560209196,-0.6963306328841691,-0.03603945673811023,0.21626513302686887,0.6176292561797572,0.9281852045706717,-0.13978766191368755,-1.0482307555400638,0.7499877737527151,0.6992174029475813,0.666161109948878,0.5422363559219037,-0.6893807523972937,-1.0719809034607082,-0.9371645470651393,0.09125613061260028,1.34120280696424,-0.49226095231687517,-0.5185761923749301,0.5835808504561091,-0.0779313883389554,0.775583836054564,0.6634290873214689,1.1385240543057016,-0.15744438277290185,0.7177265196858963,0.17610386290303637,0.23811600395326976,-0.6162838970331679,-0.407659007300605,0.08135439438576106,-0.23105921687514117,-0.49693524410140655,0.6676607749731363,0.33566414891771545,0.6049191925071582,0.8152167235497463,-0.685856891896359
2025-11-25,-0.08667211038047834,-0.10853249191265077,9.714583104758772,-0.7011934732189697,-0.014589651267673405,-0.2810858413246073,0.15814641659118864,0.3765329158988626,-0.14049258850578022,-1.0699409484389786,0.40619350505868457,0.18498075098294672,0.29315996911336295,-1.1402912187038037,-0.6943666983454234,-0.9231832411300895,-0.9482972933705693,-0.06685753069348323,-0.3122453398933647,0.18841660682421346,0.4841837171768511,0.8688223057352897,-0.09044363825510955,0.8785899071103046,0.7150653902411057,1.1115479159649897,-0.15818176258317182,0.7344589918751532,-0.2973284322227364,-3.992955669670088,-0.5847517253486794,-0.41673662091173325,-0.0832012721880375,-0.32191466809403024,-0.504842929241878,0.8342425185164728,0.2739624118788022,0.5262483070709377,0.8825622035414816,-0.6804875639534971
2025-11-26,-0.08545960793722569,-2.027629691257658,-0.11851107964877061,-0.6761436035959939,-0.250697584617631,-0.034447745713259675,0.7597571198915857,1.0179922347669963,-0.13765311784043494,-0.24032930268276007,-2.071465414143764,0.8122335715327569,-1.5323356752306496,0.4996778263366443,-0.3663532304009606,0.25962644890661396,-0.48307897821210677,7.685623771031636,0.9328171675850414,0.5535641573279984,0.9233882189497196,0.9238022667181767,10.409346303655134,0.8511408084987603,0.5098685845041934,-0.7113993424440815,-0.1573711431580837,0.6028699791161312,-0.056842598724804176,0.15466757131428988,-0.553219553664191,-0.3969478404825848,8.509347554165203,-0.21469812507853436,-0.4730783731301087,0.800037130778393,0.26796314859302367,-2.2007222034210576,1.0540555053680707,-0.6658842409343158
2025-11-27,-0.08525598564529158,0.41955225037500604,-0.1294461520655323,-0.7192087065718619,-0.024140684051773383,-0.5805938915782559,0.4748472508687328,0.5808132471041595,4.027646117152383,-0.7026732150304758,0.7391682826301245,0.4400241853488309,0.8968822737887219,-0.6366330387738149,-0.5927391875920823,-0.2684178080561619,-0.49062471150155057,0.00013179813636882205,0.017160057907781433,0.18174550399436976,0.49141611918315237,0.931237119710413,-0.09765480875946163,0.834310425220472,0.470858450975121,0.9968605906432991,-0.1625149416487993,0.4824838410120646,4.408372106851074,0.06110589872033868,-0.5216873819797024,-0.41817434242728146,-0.13893833390568008,-0.1393339915490797,-0.40982687208096,0.850638316883756,0.042146111950538495,0.5548924733471879,0.9164268536623655,-0.6608514968578391
2025-11-28,-0.0824153293792209,0.20217193232446107,-0.1499877366988884,0.11416093790595745,-0.06324122496902737,-0.33762013014907793,-0.05362587473220902,-0.08136028813702637,7.834671352788338,-0.2855925484577918,0.5923911176084079,-0.09275564214284539,0.5329236874408518,-1.733024426547504,-0.4685421070918655,-0.26278356801895864,-0.49667075779740844,-0.1742615621890158,-0.7347575265466867,-0.6564370000783483,-0.6376437322849873,0.25189324661681284,-0.1239090446459082,0.6025459067393587,-1.0039477877042038,0.7477615771374646,-0.17894658475096395,-0.9314435164433611,-0.43128182722756125,0.44769168349766897,-0.49015521029521397,0.06892883411732685,-0.6165529475632479,-0.23994693958998922,-0.19553251372493666,0.7249837702663691,-1.08322365083655,0.6856377441304685,0.1189138020773044,-0.6519914076178551
2025-11-29,-0.08100505706719255,0.27080299614558123,-0.1897991218423635,-0.7437161696584927,-0.3590137664708319,-1.4157662300603342,-2.0893835431325773,-1.5050538305664705,4.576303001166203,0.18124500325390355,-0.12953875849022092,-1.4217330688268752,-0.5087655709083204,-2.874674465125431,-0.4429328036297293,-0.2752932295585178,-0.37502886555361686,-0.6368289185070611,-1.9128259537705388,-0.9941658909549913,-1.010379040617556,-1.0618291223193026,-0.22106641206284414,-0.7511397458489735,-0.060164828922473025,-0.8773935892593044,-0.1452722207112868,-0.2762026278701951,-1.385089357632938,0.12480728215898668,-0.4586230386107255,-0.25832157247884996,-0.5822768361598228,-0.6270825352823227,-0.376819664387011,-1.0242242873482346,1.0834953620437864,0.37767186372654843,-1.3414636441093475,-0.6601723059933852
2025-11-30,-0.07962561506169205,1.220901141539627,-0.20289168518247383,-1.000745592334673,-0.42986215379333437,0.4801111996951129,-1.578350000263514,-1.7380887647633068,2.7686538117738397,0.15661992505114108,0.20452895466694487,-1.7827268246517034,0.11257904430658383,-3.952010397432467,-0.09885098932006567,-1.0606198919949956,-0.8309392512216776,-0.7749731266608156,-2.087695485936579,-1.596432762072494,-3.9985756211863945,0.5517309911071138,-0.04082211127072842,-1.791963208405938,1.8296448379507069,-0.5004569029998356,-0.12485076524950516,0.8633354018415779,-0.05594088179252798,-0.5924502273245797,-0.427090866926237,-0.3884456060202586,-0.3726287849491098,-0.23570587773033472,-0.4216218809538863,-1.6434114506392865,1.927898350315299,-0.2569768978273168,0.33733926372579065,-0.6984354173382382
2025-12-01,-0.07835348903664878,0.42912326678246904,-0.11332174621734788,-0.6720639482443965,-0.032795307055019284,0.14894288742905976,0.5220165304774672,0.887983271478235,-0.14126998418677963,-0.6011328436092752,0.7626533969429784,0.8141776141283339,0.9065610853033488,0.4363937491291827,-0.6124648294095879,-0.1924102784630098,-0.6763577323493377,0.09659251332838266,0.717708379547256,-0.02814127403141815,0.22297968721394595,0.7460240557332951,-0.08260474523635795,0.7524703336790798,0.7360887929710496,1.0548387096776952,-0.1625148995096699,0.7622025143346225,0.12222626927220355,0.11134569653559749,-0.3955586952417485,-0.38713689140202107,-0.4450875195120489,0.07432720757708511,-0.48115916441117373,0.7306612610868959,0.07746593572373603,0.6089482027996886,0.7164645010164968,-0.638968146722814
2025-12-02,-0.07690731000684467,0.535615235540947,-0.10910896130912504,-0.6477227401916623,-0.0038327338974244902,0.23570569817433437,0.2024602044277068,1.0918547694656426,-0.137514767761613,-0.11441635219086377,0.7614913965482302,0.9837579451578928,0.9508481801815593,0.39506889409825885,-0.45005282195633994,-0.6837972866783818,-0.7838613980158331,0.1593043395792378,1.0901355349559592,0.19562622846629957,0.5341543256535923,0.8988164990780203,-0.09675452028661381,0.7839002345620847,0.5482163762127079,1.0556436556805133,-0.15728517302177458,0.6164318553304112,0.1991748495720991,0.055629363730343065,-0.36402652355726006,-0.3800443126408062,-0.25939154590940855,0.12193499401596594,-0.31274350014089564,0.90942551854996,0.039204170012945114,0.6014312647738926,0.8467141652007882,-0.6727937427325259
2025-12-03,-0.07556820445377574,-2.0467581712281535,-0.11646714087928245,0.7359838316763261,-0.022934799465624447,0.26223201685757136,0.652089582975189,1.031347453218043,-0.14185632499702494,-0.16363714368517038,-2.08006552553577,0.9681308335242165,-1.5855214365312071,0.4288823688005103,-0.38087230688710333,-0.6533454073868844,-0.7507542660051508,0.14892078370045148,0.9715581532913491,-0.6260791238658644,-0.64709666256246,0.747780231657162,-0.08485881759091443,0.6829052819415886,0.3388810076234099,-0.7144632873131826,1.0139036914783142,0.688589264698125,0.22389781520389077,-0.11264643227548689,-0.3324943518727716,0.12447167994501755,-0.35845419474664647,0.0939939809639163,0.10857276900129487,0.8882453016211189,-0.0598974096043703,-2.1400129010866684,0.8192590669778335,-0.6718319622323594
2025-12-04,-0.07406736508502527,0.4588720381418163,-0.11371917875585946,1.0295610726621696,-0.022550623845258414,0.20372797895535824,0.9270107742515101,0.9933259639543488,-0.14066387907955974,-0.5235286859698365,0.7545905036009951,1.0149000121216543,0.9085230849243714,0.4167238141671753,-0.5486029378699296,-0.528808286398552,-0.7094316636725345,0.16367047089215067,1.8587481298253001,-0.6193345239254106,-0.6531972391154273,0.6637567228359389,-0.09148140621890932,0.6500020081721117,0.4790960415528368,0.8273593952278097,-0.1646057241490695,0.5286331073555091,0.16903291154013442,-0.0852918660334331,-0.3009621801882831,0.33945379671548037,-0.1126449793557111,0.21804940253547186,0.10841948542673521,0.8996334133621021,-0.1728447630084835,0.5652094226346691,0.7901116270640327,-0.6199738866022041
2025-12-05,-0.07269230431343619,0.2653379494374014,-0.11733013724862189,0.9964758842294557,-0.057361203668425044,-0.5574995740213344,0.029763031335152155,0.6552208927599914,-0.15019027022129827,-0.32497317753402294,0.6430140612012564,0.9027810939652066,0.6058427979985923,0.354056342689295,-0.5336102689170682,-0.43626440598092353,-0.7050122603591883,0.11179467353007388,1.2602962180306254,-0.8165204240452855,-0.8840329887034538,-0.14182981550176815,-0.12136118128663063,0.47673834417032024,-0.9537055090158475,0.5032248235835025,-0.18356587458413295,-0.9122813442423964,-0.5549950484765025,0.33787641060432033,-0.2694300085037946,0.3023886803769012,0.41092699918348136,0.3198573447780257,0.07622463781548995,0.7765370866349234,-1.1436770705574517,0.6378898107683664,0.08509137271533385,-0.6284759517854163
2025-12-06,-0.07160535413053769,0.3453989359080351,-0.172652746609435,-0.35054312940051846,-0.36166030963335344,-0.4648827471923465,-0.3117678994163819,-1.1526395967459917,-0.24121144588814436,0.503306753571512,-0.12252991128024701,-0.9918753425971865,-0.49730009250827023,0.5072698544164939,-0.00045857799793156805,0.04070200199472104,-0.0656352525837537,-0.4805438079217702,-0.7360417581170615,-0.8660565932634604,-0.8008431013654078,-0.9694214337745863,-0.20665690579721038,-0.636622364213453,-0.1973975822730429,-1.0885041321376785,-0.15178355602270582,-0.2854090413943115,-0.4600452800588836,-0.0005605159586474365,-0.23789783681930615,-0.2296643690981549,-0.7353488724330305,-0.7171872422008954,-0.266841967241749,-1.0701685337548121,0.447853666286831,0.2341470393869182,-1.2061063652584496,-0.5548492548807071
2025-12-07,-0.07014779359271281,0.8669243877221811,-0.19045772433475414,-0.7697580153685557,-0.4257109227843792,0.8135889509328368,-0.42535688224078266,-1.4588556769449923,-0.26953368345269063,0.3619028682669714,0.047905860288501786,-1.4872697355585367,-0.12758786470632913,0.6034729688116979,0.15655402962891074,-0.35848004074960793,-0.23009243989920067,-0.6745101244319651,-1.168827797333382,0.3564898488439131,0.6693384719228621,-0.12464705541266387,-0.02777570423924718,-1.7891208041998714,1.067483753620053,-0.9486806335329159,-0.1353365018554293,0.8575884035871713,0.7433778345891708,-0.3935692078430398,-0.20636566513481766,-0.40950907463733455,-0.8439726102036308,-0.3202232042589213,-0.38731301435425436,-1.666731439891835,1.2638517699975678,-0.4055403594021833,-0.07835293331505289,-0.6405804232792153
2025-12-08,-0.07095525015251031,0.4559006421031529,-0.11971473247969142,0.6468596568202352,-0.08246067753233918,-0.2989639478741414,1.381693891103556,0.17770369426542154,-0.16988868620594433,0.11572980751878327,0.715299375910352,0.3740762788373358,0.9669129719838353,0.5519944206993956,-0.32181522652535594,-0.358593245601937,-0.7502677184278016,0.015124048178785402,-0.021794966393588678,-0.5810859271793496,-0.6219903813868596,0.9232645837654425,-0.08219339983309615,0.9532879986935822,0.3399353626536573,1.083328284920171,-0.16305550215394016,0.4168652241245669,-0.31354679333549323,-0.32081410091695756,-0.1748334934503292,0.16660543145108453,0.7313897967842741,-0.29523332249797,-0.01800432165734398,0.3358145694684426,0.02006636745079627,0.3306210657408291,0.9340409983288827,-0.6145515983642186
2025-12-09,-0.06718658064296187,0.49012770166071334,-0.11302651061731069,1.0549488972974128,-0.0008660443845979046,-0.43057345771255456,0.12412790075678833,0.9569398075622112,-0.13906297102462029,-0.46779044636012584,0.7319069060145137,1.0229752659802047,0.9110449586795666,0.42939178554379126,-0.47179991455576303,-0.4129663020340379,-0.5970601593067163,0.16714098552549167,0.7194206883077557,-0.30542565230520397,-0.13125717424777197,0.7304917250202937,-0.09514975989743645,0.714953635664415,0.3167464005128616,0.9936880719984369,-0.15230785815760095,0.4066373541193691,-0.4321165132438658,-0.23353412792274889,-0.1433013217658407,0.3113964739096382,0.05219965663645591,0.2267550280581339,0.10380871740897805,0.8996017237013,-0.02420452737061139,0.6586879804818168,0.7299547028748185,-0.6866744295099003
2025-12-10,-0.0657500209274651,-2.0753979688327515,-0.11446862297133846,1.0702069690678906,-0.011889750380101009,-0.18892808067661224,0.5352145533793351,0.9731568585384822,-0.1408417577523308,-0.03290246505911116,-2.094157827060676,1.0573324803135744,-1.604675544264189,0.4211325271670726,-0.4376793185572797,-0.5659228943337323,-0.7362887659009651,0.1583247588359561,0.9011394555157954,-0.8120793300067696,-0.9510787533265337,0.5769831082734729,-0.0938274003371659,0.6043363428664161,-0.00831070591140224,-0.8649797772419751,1.5687629608373532,0.4414303619830644,-0.19756518617280672,-0.41981354756727957,-0.11176915008135223,0.3286257539018005,-0.11374820272483438,0.3180819703739562,0.10618945733125869,0.9074600393606643,-0.45893926992901424,-2.1515114807206013,0.7222771641280762,-0.6666539203993617
2025-12-11,-0.06440220140731777,0.4870950638087415,-0.11465030641751518,1.0878474837984593,-0.00963805438295565,-0.1712182390401834,0.2066429199544916,0.9737019694956678,-0.137679470236401,-1.0702995058427243,0.7519075236801995,1.1094103906143187,0.9341770958532818,0.43763128443867033,-0.7337356467862014,-0.4725025526543302,-0.5865315113856706,0.17140449409387024,1.3013916282826201,-0.3914690795474097,-0.2642408230544087,0.4403085357051456,-0.08759955810969104,0.5112372791336086,0.06484005663801796,0.8298757280350061,-0.17117258131561,0.1066485615905019,-0.1836299538302286,-0.439467376079263,-0.08023697839686375,0.3205793867423814,-0.43668490759163325,0.43190766152268056,-0.29749338519997626,0.9150064999489531,-0.40715383311611747,0.6999890010481479,0.6638032996124923,-0.5800259456723899
2025-12-12,-0.0630636131955225,0.27107640367915026,-0.12110006875678896,-0.6268843645382333,-0.05546166865661521,-0.5597057464353715,0.40012282932931487,0.5463349790621714,-0.1499728629545781,-0.8811038268453406,0.6617144527473963,0.9123143797704397,0.6573073342366329,0.37338616493803994,-0.7468091061797073,0.11661465109979484,-0.37939500522555886,0.10346357254197308,0.9022096484911077,-0.29371754850818144,-0.03265171386317295,0.06176840593226516,-0.10134814444973783,0.381992961309206,-1.3238956673748092,0.7882888262623916,-0.18406070642790895,-1.25357665595451,-0.5551451502116428,-0.1306711721201936,-0.04870480671237528,-0.3483864333899954,0.19883062287229922,0.4143022854025392,-0.47705415757702874,0.7481510729714164,-1.5407815786781862,0.7211453628954989,0.06544245244291735,-0.6293689548514227
2025-12-13,-0.06297466283028062,0.30138087114698603,-0.17234615579401177,-0.9057774909456416,-0.3623006023339635,-0.8001070166055715,-1.0516270036355173,-1.1952945291457633,-0.2415474389367119,0.7004560689772777,-0.07593252343980962,-0.9261517486928733,-0.32820598179464333,0.5009760715695479,0.08378859216323613,0.2348291798388945,-0.041226093815459774,-0.47374271876127133,-0.8156641154803015,-0.8768175822574614,-0.8095477045410557,-1.1399811468325234,-0.19597922845491828,-0.651063241082062,-0.03754317921262159,-0.8788545678065522,-0.012623642830588078,0.007702685769214164,-0.7942401264553828,-0.3346141776868489,-0.0171726350278868,-0.4653108627977978,-0.3703261341792076,-0.21617104382813837,-0.5496943529741426,-1.064073315587348,0.8429651976997902,0.3077698366394798,-1.0945103383068056,-0.6058070677890949
2025-12-14,-0.06168006479366225,1.0156130372067094,-0.19110497161175874,-0.9996622940209718,-0.4275144138910975,-0.262691263794196,-0.9430421047633729,-1.4840670587148255,-0.2696720335315126,-0.2839210183255961,0.11801834708823576,-1.4890642364159925,0.0692017064302011,0.5382666179839007,-0.33727933618145944,2.2558099799811293,2.014341232572788,-0.6737731065394007,-1.0119375071525893,0.7638581419504182,1.1557102123288068,0.7007621614142078,-0.036636355140108115,-1.5406716153481448,1.2774655202658336,-0.23911828082601344,-0.1349557078990107,0.949786442182823,-0.300690477177929,-0.7879967624903809,0.01435953665660168,-0.5189720709916227,-0.6361447272410932,-0.4954077477313086,-0.5929544945534844,-1.652722449158603,1.651705477196631,-0.21167726186165695,0.3416588314354064,-0.42254727390095936
2025-12-15,-0.059925647366238774,0.46353010288288554,-0.11014228590925516,-0.7083921128541827,-0.03559125184768319,0.17862544737992542,0.8339972657874167,0.8237964562696327,-0.14231090382743986,0.5367704938008198,0.7805871688639078,0.9252123546834022,0.9189622454768899,0.45802320648158085,-0.024582720356923708,-0.258311461430143,-0.47921682402698756,0.11522320613155995,0.88423040650586,-0.3126915769222427,-0.15019567729032696,0.35371050478030547,-0.08334158025243918,0.7162186133167181,0.5070767486011231,0.7859883064074156,9.947499975527572,3.2621204146290492,0.14769367300665598,-0.17225416643564032,0.04589170834109016,-0.4120705968912624,0.591129792407108,0.38919879542031943,-0.5115418453122665,0.7348565400453596,-0.09681927415279389,0.6557828473572401,0.62061210578057,-0.5669778133457188
2025-12-16,-0.05748379655450957,0.5945734702050889,-0.11178879214023174,-0.6572701296343194,-0.017577683870520326,2.26769080700949,1.0622786944182205,0.9561221411264328,-0.1426403087770159,0.2486095116156797,0.7867732829292038,1.0220406301169467,0.9451664323417092,0.43132284999104764,-0.028986093920751767,0.447022236094405,-0.0647369683330027,0.15904311804769602,1.1748948186006984,-0.6090936495137687,-0.6282309262057866,0.8700189354941755,-0.09995498134584002,0.7004678076865222,0.36232999552845524,1.149867827445176,-0.16602191743843647,0.3539397481874963,2.117537244329039,-0.1680303898460689,0.07742388002557864,-0.40658698005235805,-0.17292258121250326,0.35535538341314576,-0.48651422586270443,0.8547579727880328,-0.11514915758657594,0.5737146577369843,0.7326572144721234,-0.6082570381353851
2025-12-17,-0.056085665595497686,-2.0502975594171744,-0.11756859677172884,-0.6492939819504926,-0.020405643298214732,0.057690639780022195,0.8792469794113006,0.9137397642052537,-0.14028176933805156,-0.012743268696091652,-2.0825479130465863,1.0421913793287925,-1.622486768972243,0.4489355692065536,-0.31624659348508,-0.3630368245448555,-0.566337712250395,0.14529167028010298,0.6389421765642659,-0.28319170474322025,-0.10020829153798685,0.6647864174463999,-0.0871967095656954,0.6220657369429891,0.2320941420945126,-0.7458964669546643,-0.16177098547437624,0.31706944896778827,0.03227050670268361,-0.30356039379137645,0.10895605171006711,-0.39425494505670317,0.2526444255414023,0.4067017204888851,-0.48515560750673115,0.8508666264854441,-0.10034614581675767,-2.1358275144427368,0.7389372809772232,-0.6052848964552747
2025-12-18,-0.054578052289445095,0.43219001761107806,-0.11807958146410089,-0.639856132781749,-0.03555923721265269,0.35495116822323813,1.3011712621424434,0.8141207367795886,-0.14221208234256705,0.2845725191857199,0.7408166255537685,1.025405319224676,0.8352443587978506,0.3908963730004358,0.011133691709080427,0.09478108950371336,-0.17661619880591606,0.14448001766424096,1.0768651420620858,-0.3019736815612955,-0.09000618381238937,0.7709085417363218,-0.06928487668980629,0.5244813549740808,-0.05310696441561014,1.1292345701071385,-0.1613083301676065,0.010488030886588128,0.3105655271512112,-0.3935464884613858,0.1404882233945556,-0.3989486155518008,0.5930771761930241,0.47810438670605787,-0.2869734340476149,0.8350001894974691,-0.37149668094098476,0.6692986639738092,0.6072827639173091,-0.5936690748793283
2025-12-19,-0.05437430066219256,0.1096511329368743,-0.12660734821902098,0.7062128267396436,-0.0745210480447745,-0.27274607202972706,0.3678725684219428,0.43894812049661175,-0.1538730175575582,0.16197172775392155,0.5220271273977499,0.8310384451015109,0.36388913112375487,0.37690683797863667,-0.2606831316457869,0.5755791022809204,0.3081771682736512,0.09240830415350783,1.1761790501710734,-0.3708496953472799,-0.08657147467886928,0.04879690774255325,-0.1276633492384341,0.1572263219994447,-1.9368893075060327,1.0211162704486805,-0.1898912997553225,-1.8893679081792898,-0.2817488161246138,-0.0005851954324638407,0.17202039507904407,0.03652035158275521,-0.2309357043262632,0.4919749245809242,-0.09364857243275869,0.6403658939486117,-1.7968435219552625,0.7954069850170078,-0.48142700036415037,0.3660412502134287
2025-12-20,-0.05176437860417934,0.15695165240967834,-0.1722098932093792,-0.4229887160699419,-0.36566213901216627,-0.28592804222473234,0.17273589980771387,-1.167630148068595,-0.24199542966813528,1.1109686468900055,-0.16629241250512994,-0.9470128211607952,-0.6603795510454349,0.4731988215204639,0.49359967779026354,-0.37830673677856874,-0.37437155854585064,-0.4817146401435022,-0.7251257897688753,-0.6706117587049976,-0.43618881054676456,-1.303186308821981,-0.2259960302568088,-0.8813403172215952,-1.181180083046304,-0.7845233537696464,-0.16521641919459387,-1.2952576340231503,-0.2946184162747802,0.11302938065392815,0.20355256676353256,-0.3212034939940195,-0.36542395685088236,-0.3842274192397315,-0.3343080760293919,-1.0601128282066457,-0.36388991139320404,0.4146187611277362,-1.6686575428824688,2.3480262270513292
2025-12-21,-0.05020876572807891,0.6123781361288644,-0.18642662287270803,-0.9145741057888686,-0.41796338110699754,-1.4661103621591114,-2.3269507312804683,-1.482159170364676,-0.2647704878818214,-0.5242994039728699,-0.2870395017918241,-1.4442764858486619,-1.0034999107156164,0.5372258718852136,-0.5883635067840192,1.2306574480917347,0.9837997613899888,-0.6541441743121172,-1.168827797333382,-0.5469488695110543,-0.2905489853314795,-1.4047718995873362,-0.1750896891216688,-1.3387210033002017,0.31420762310826356,-1.315690804131363,-0.1498196283284989,0.26318804075311514,-1.4372406043219652,-0.06777572122250841,0.23508473844802102,-0.36936718722951767,-0.9974839708034964,-0.9605079476620842,0.11800572281063397,-1.5681873980906693,0.692498635865146,-0.6275447317068858,-1.607894932134787,3.8708477146052322
2025-12-22,-0.048873766571369756,0.3010243048132863,-0.12561944448043502,-0.7512543063579166,-0.14740770046421903,-0.4553635441840222,-0.6976309468494646,0.23671195538076079,-0.1799157728710384,-0.28428497832151695,0.5402113239362509,0.24846121881544034,0.27937217043936097,0.3611664763642437,-0.5651831656117956,-0.11983865041422893,-0.5413597057376771,-0.08968642668215365,0.6066223487098324,0.18876772023996713,0.6912754086090384,0.11475749434835152,-0.13191077261984294,0.3710418948552833,-1.5509072214980688,1.1769047686835576,0.02883130679179742,-1.4492541421635254,-0.45281713771176313,0.1981403045728557,0.2666169101325095,-0.39369213112578405,-0.4001574226287264,0.021988754715771743,-0.5141581224039892,0.17675551926779332,-1.4943954106594959,0.7278016140388918,-0.6931031469059187,0.5575728212726941
2025-12-23,-0.04757913620092177,0.10941985151993984,-0.12732272678834183,-0.789790225370877,-0.14551883699741938,-0.5222496399976614,-0.5937722896276455,0.21436240613615193,-0.18183949777656236,-0.3340625082490542,0.37044720760110755,0.2020285091287754,0.044088661830650036,0.32064413376794376,-0.6576375314581925,0.4021876066791553,-0.1542086541983828,-0.08944852850164238,1.0494682018940893,-0.7192474148239397,-0.48964133781385455,-0.0848390965554276,-0.1524577025494745,0.1346099917721596,-1.8509934596852915,1.0148094388924576,-0.1720281988371772,-1.8990555977594883,-0.5206427257237268,0.37045814004562194,0.298149081816998,-0.4333333268002723,-0.0276408147426215,-0.011098311208001725,-0.513711236252329,0.1492395308372175,-1.4819551665723414,0.8090711666523521,-1.1152804887207726,0.5103067612155223
2025-12-24,-0.0480196037947086,-3.1393964974482595,-0.1711992790400212,-0.8999565041411739,-0.33401033651200923,2.5872534785573604,-0.13732219944189272,-0.5207197196286055,-0.2282197146768661,0.13987284230248406,-2.827675144476913,-0.7789652929469797,-2.9595648764195226,0.3729929553600868,-0.4710558502733501,1.6330723635998303,1.1059020268895097,-0.46869554559826737,-0.40192751122454096,0.8906832008606601,1.6169325731943505,-3.9039383982504337,-0.15464446280652597,-1.221812094159234,-2.8492700126560515,-4.099490585045862,-0.19614347279076141,-2.9423444985270883,2.407321477720354,1.5714355062402374,0.32968125350148647,-0.45847752589779117,-0.7992424093084519,-0.6397575685081281,-0.5638321182191651,-0.8156602252181505,-1.909176425802553,-2.352899039723422,-2.657899354444222,1.752151082214402
2025-12-25,-0.04477710269431363,-0.7212498435021213,-0.19509065221226066,-1.055312424071462,-0.46110843758310505,-1.4332810039090116,-2.05271869983263,-1.6564583989247659,-0.28663638843467765,0.6961675163425662,-0.8700713563489696,-1.6928148546062693,-1.0142333844806737,0.4759782775848717,0.329900817748158,1.2948531577242242,1.3153862970610626,-0.7523541408314199,-1.573146703406394,4.124675739610414,4.1204283962504435,-0.7969085360305354,-0.006863150483524877,-2.9104522207391783,3.3388509064981124,-1.1472305131283567,-0.10355113036616943,3.095949704075528,-1.4020600497326379,1.9200098945572381,0.36121342518597493,-0.5384890143888362,-0.6811008209370449,-0.06430997914646115,-0.6028045900821087,-1.8905461512829438,3.294125366367318,-0.7896625740284975,-1.5143853061815489,-0.6980655637233755
2025-12-26,-0.04338193028071056,-0.4228563498727671,-0.1873463953189777,-0.5813331053742017,-0.38794432499339615,-0.47345735935698163,1.386611086365455,-1.2597538998329585,-0.24885364071830804,0.6312699142029783,-0.4517823315521194,-1.0900494936738228,-1.204357297032464,0.13060507834631296,-0.05181654955857287,0.559122427935962,0.1284419218953856,-0.587779911289883,-0.5738005030597069,-1.1423022033866495,-0.950948779821514,-4.343094102163865,-0.23975179483814324,-1.7421897640611326,-1.1469582774941798,-2.3001826973063335,-0.1811867910303017,-1.4942693249627355,-0.4794161920116916,1.7095538662455922,0.3927455968704634,-0.3928374117577296,-0.8398497588138701,0.5177252962566581,-0.37010524903848235,-1.267698832169246,-0.7324431273341943,0.06533782358364244,-3.1409663485951445,2.0247950135776334
2025-12-27,-0.044677692335194696,-0.15344946644358143,-0.17486701360971382,-0.5960557303117975,-0.389715801465084,3.0056591080112574,-0.4265101256308323,-1.3420656543679814,-0.2530634359738896,0.658332473984866,-0.4059881545857703,-1.1717366681225851,-1.2938216537945952,0.538335552543852,-0.13116276853719544,0.4294122171458941,-0.021629242941512732,-0.573258792938283,-0.7737125508480568,0.49287693700291574,1.1249570500062331,-3.4014128916065944,-0.23402888224255078,-1.3445033504573967,-0.33331335700945425,-2.0883097764580207,-0.16397363790339772,-0.8266405542226225,2.8059638482484948,2.4622291722907033,0.4242777685549519,-0.37198403238554284,-0.26000463957506287,-0.39171640423342935,-0.33659278816047783,-1.3138886734470399,0.09376992622709077,-0.1150375777365311,-2.8244260435759307,2.284693052124369
2025-12-28,-0.039847373864413255,0.5725496906807868,-0.18865224508837292,-0.7751806887913131,-0.42533741870902336,6.194187681659694,2.149548796775996,-1.548390151662724,-0.26839394232715763,1.3865095859396928,-0.3096676595307965,-1.5122432058247945,-1.0787617514651364,0.4264701277002122,0.7062649428714566,-0.10558089844044237,-0.14909684778983381,-0.6853834706823922,-1.2024318567581904,-1.2995020237943673,-1.7267900028811236,-1.6420177978255237,-0.2033234976507935,-1.5936562860266916,2.2826366401785103,-1.2505400201410692,-0.060328004358781405,2.34220335105376,5.751466781963818,0.8060644305520803,0.4558099402394404,-0.4304765743435715,-0.8650413331216386,-0.8876614379839987,-0.39460695665535156,-1.6441784844746108,1.8715755667817149,-0.8306065874343098,-1.76706496360532,3.793638433189287
2025-12-29,-0.042288238494339526,0.1542758025172356,-0.14257278105180077,-0.01463503415413264,-0.22297291068121564,0.9185091942531664,0.16548304130469066,-0.22595096953050203,-0.2022428403533011,0.300695110494459,0.33737870374951523,-0.2066316757222185,-0.00868260943013365,0.48694151872224195,-0.27592097945598043,0.05538456917750342,-0.2649077622016276,-0.2551329495522318,0.3198106313261184,-0.18080900753474494,0.18892672684684386,0.2620365850197392,-0.12209029975811549,0.486627938435782,-1.028710314454355,1.4208336880138928,1.995700122209224,-0.38074100581002807,0.8354626053108573,1.2691224094786504,0.48734211192392884,-0.19947939097768028,-0.8893003652338853,0.21245045427915238,-0.17953069702337582,-0.37883769698902264,-0.7719442968062327,0.5166126077645121,-1.1090427274003232,0.6769753673022906
2025-12-30,-0.038786808086471995,0.150403025062611,-0.14243651846716823,0.018627285554948095,-0.20408427601321902,0.2335806147347662,0.06738290708658659,-0.2323560232774326,-0.20032570354676865,0.16968224840274207,0.31942868770101934,-0.1382911014007825,-0.1114494096721964,0.3854573602878204,-0.4628644766820399,-0.24178834872941285,-0.5521293541562435,-0.22951458078031153,0.8418507646834904,-0.17780734658992076,0.25832460968184257,0.5190864124861297,-0.1473506332769169,0.3670328648338673,-1.293297124729216,1.5298614707592169,-0.1839641818092353,-1.3159111738816072,0.19706642780991182,1.13563224324697,0.5188742836084174,-0.19262234640197795,-0.7711474281267332,0.19334309558737234,-0.17098794364547448,-0.2782705584334665,-1.056387714875823,0.5135597077433712,-1.181821530838104,0.6105667581729521
2025-12-31,-0.03643646201252342,-3.1261698160921223,-0.16411362463912885,-0.7997348364770541,-0.3055173113348618,-0.798496450187014,-1.2197074595862865,-0.5847702570979114,-0.22933310340643306,0.6418276207439836,-2.8021010414284735,-0.7816944296676935,-2.9311001907510743,0.3845024898752631,-0.10012246291145392,0.45415402433916174,0.5003343198592052,-0.42938170510122725,-0.5224312402447133,0.03708788375968436,0.6395142169339019,0.3125352804810608,-0.1509086628954924,0.0697705371117528,-2.131070457295091,0.4502475057544715,-0.19550859148239344,-2.1648429334746684,-0.7800714962710846,2.5778380695898195,0.5504064552929058,0.334430719823082,-0.6185753617441158,-0.47116271455152026,2.6744525370399863,-0.8486109904762914,-1.6257028924286847,-2.2533692956283855,-2.0652966996790068,1.9497072512087164
2026-01-01,-0.03497044617825697,-0.13896028113528508,-0.19478406139683743,-1.0211748056568761,-0.45709593665928205,-0.8995149902581211,-0.1092009742735352,-1.6381971818590488,-0.28494324699385687,-1.0697282972449318,-0.5474079495342807,-1.627876354827093,-0.3233811661359285,0.5386001945369642,-0.7596192662226097,0.31388543505911753,0.6191455396226472,-0.7395309624348414,-1.4297408447145368,2.3242693071541867,2.5855655967899693,0.6140396052081866,-0.012670190053801841,-1.8660923187394522,1.4043699161642784,-0.25650623606814454,-0.14845038682900666,1.239815729750249,-0.8822873715422483,1.7045936969638553,0.5819386269773943,-0.5174549145348932,-0.5980361464905243,0.954655925039162,-0.5982802825305625,-1.864096808026185,0.8763817662696164,-0.7363199395811988,-0.06250655931201102,-0.6948811425716211
2026-01-02,-0.03448849428108761,-0.19108341083926292,-0.15371224734551128,-0.8692345717213572,-0.25715386934878237,-0.6051727874002999,0.3329894582987192,-0.5577872647172252,-0.21672348193666297,0.583385856346844,0.1293496151375997,-0.4329630963688123,-0.33143315416838215,0.4308340278301053,0.08320146993100076,-0.2778978019875572,-0.26935510448473826,-0.3330236126537477,-0.15514101111750944,1.5198192191154622,2.1277861493769654,-0.27925679839956524,-0.16610179360984623,0.6448074198336333,-1.66810980270353,0.9397176945887425,-0.18438978435994208,-1.6969508623856342,-0.6084013082086961,1.902716713999687,0.6134707986618828,-0.46753754221331456,-0.6551823186158681,0.501538126310404,-0.4314778078940882,-0.6476013113496966,-1.0286175242906561,0.369355866773629,-1.4921244595509444,0.828890390593222
2026-01-03,-0.03206817779987498,-0.10760446718945565,-0.17827357822552745,-0.5594211476989648,-0.37320692133435474,-0.562430442299467,-0.8508514394172562,-1.2774700059414899,-0.24917645756889256,-0.22593877802925022,-0.36411861286144054,-1.1033213229320884,-1.1926745301554875,0.5599951125563105,-0.5635095076367178,-0.2998719935069824,-0.43076210384134345,-0.5488625677603618,-0.875166844907669,-0.3607011380368363,-0.0333237685728249,-2.265441302937281,-0.2585309390711528,-0.8838322907020617,0.2959612769015577,-1.482682275761884,-0.1458231608276229,0.09794979247894467,-0.5447590285810651,2.4284652017383004,0.6450029703463712,-0.3644960760890361,-0.7867949875727624,-0.07549299378767002,-0.3575117283624333,-1.2766000257568257,1.0439040984962322,0.031335770506080815,-2.435141814738043,2.615687564991457
2026-01-04,-0.030778365170038062,0.6404898392629501,-0.1915024041502703,-0.8429515381701148,-0.4221572982959934,0.16707597987780623,2.1858655285913824,-1.495650666555019,-0.2732691355808827,-1.070579353145141,-0.09671816602505932,-1.462520577899461,-0.2708336456647947,0.5535024797295534,-0.7521582033626389,-0.43026132150173535,-0.3562839706188534,-0.6896049972189159,-1.4761872198430934,-0.4449964754243559,-0.5154367433005509,-0.6200233010728102,-0.08225592557663357,-1.7775344049678747,1.4834883994936725,-1.144502778797707,-0.14004079144315978,1.1174248871105779,0.10132668163091096,1.106383323000916,0.6765351420308597,-0.4620745179543733,-0.734940583275357,1.2327938215710064,-0.40366903374669544,-1.7231527202913346,1.4349738576111717,-0.6925230777333826,-0.22302960990745466,-0.39141734566149755
2026-01-05,-0.02938286941813895,-0.048906614682557,-0.135373574497048,0.28335635099032136,-0.1242504477921554,0.8631607495238106,1.5089703755822128,0.4035159082795489,-0.17399965997665306,-0.35523077421354265,0.32018047462064664,0.3153437611901936,0.37633611747003026,0.42746541593122467,-0.6087569414753692,0.3303360932158096,-0.07870363568872386,-0.09298901318807493,-0.09842078342595405,-0.35560513476895184,-0.23362106365961852,0.0003810908135955351,-0.16076866340996548,0.6829221880313177,-0.6722931616056907,0.7312240289916176,-0.16811179420187009,-0.7386555837643662,0.7878545380137514,2.251214351479844,0.7080673137153483,-0.07168222911357261,-0.026844467724038472,0.7236049141184254,-0.15538495422084903,0.04864574415780502,-0.6612246717839768,0.27256584093390335,-0.23954653133933518,0.4788061621825702
2026-01-06,-0.027971271419096815,0.2900886319526217,-0.15347378782240434,0.08342323015829166,-0.20702962243602527,-0.8048313204766022,1.8702340253396492,0.06609222578167359,-0.1975389376733555,0.8386272523333455,0.3288455536207926,0.004259560463350678,0.7955228971490165,0.4936855017121454,0.5291292324111527,1.6022935962967992,1.4050636809042312,-0.22780264681467155,-0.7208450178676259,-0.6713024765844691,-0.7740663096498862,-1.2352376150751299,-0.14887658657687694,0.3977623255508406,0.02150927789059681,-1.3566790278375476,0.20049436183722408,0.22671414836507625,-0.7755677219946976,1.2039442391359647,0.7395994853998367,-0.14722911148081883,0.059283005963829405,0.6320129804596344,-0.17898438054182383,-0.2544406537298292,0.06764514832002647,-0.3130661543326686,0.5146250782118027,0.6680286280942955
2026-01-07,-0.026609095678605105,-2.294322594499502,-0.1314446699734763,0.4594171567323263,-0.10086909267487824,-1.0372648455371203,-0.2632578191589174,0.6967856032453921,-0.16836024723991158,0.1973588554154111,-2.2437076735853267,0.6084455679079497,-1.735641827547594,0.40505108597010064,0.07148212057822419,0.6697123317964665,0.4171100943214839,-0.020649307631822173,0.08458221535246047,0.13194152375731927,0.4355283699853589,1.0272140773587006,-0.14454358217723323,1.035935528506146,-0.026482283981013016,-0.5230467933677265,-0.16366132750480528,-0.04853313896146319,-0.9974909509536166,1.072619219581875,0.7711316570843252,-0.02561906889284257,-0.6496815152618554,0.8497285688597599,-0.0957590036742764,0.3100551965536939,0.031029255255944053,-2.1837991746605345,0.7977783955677188,0.42302867901813074
2026-01-08,-0.028035437903946876,0.383908387735058,-0.12878754957314167,0.566635496166464,-0.06690156490751485,-0.8853502408746938,-0.01535718673574566,0.7805964129126753,-0.15567815668123478,0.42061376193497,0.6336341877453293,0.8809106147649659,0.8081162976774641,0.4411635955453877,0.020847917514106692,0.46453546908601695,0.3884131441575763,0.050332978894454455,1.0088008688322194,0.3713280336101757,0.7486852916449972,0.7219521616133376,-0.11283928728139467,0.8847278646096124,-0.09426905034079623,0.8830895057756324,-0.1676685705790159,-0.05148726854365511,-0.8556381036999263,0.48109281157600686,0.8026638287688136,0.03134447025881958,0.6796039189666552,1.0374133786315454,-0.06866232848875402,0.5078310898393442,-0.3431875669771286,0.38174790933284103,0.6764613253784485,0.6290642653778007
2026-01-09,-0.023859927983400257,0.10116575377372417,-0.13750835498962452,0.503756513179846,-0.10471084887853857,-0.7560139641632012,-0.03873389704103733,0.4582995594766999,-0.16434809495407565,0.5596481148215576,0.46027927205974445,0.6804125293788273,0.39634554024533836,0.373596324444355,0.2643545432830061,1.2659012761786428,0.9756888856414763,0.0006589058696585151,1.1064024681807072,-0.011755066812634758,0.3597082608784016,0.42393149379613526,-0.15004509113210784,0.959192240836841,-1.0778157669755086,0.7556720220400069,-0.12141237912379324,-1.0398607212763553,-0.7415045681351636,1.0257951651650354,0.8341960004533021,0.013273859819684306,-0.24152203840332054,0.8258721929475761,-0.09221920984685869,0.3973061955962828,-0.771046548837824,0.5495136367235435,0.10558475876104714,0.5286872733734036
2026-01-10,-0.022367964250876223,0.2673223534698408,-0.17527580136361148,-0.4483955229552177,-0.3627914934044312,-0.6268259605302614,-0.9926328249760429,-1.2170989674331867,-0.24578358658825952,2.383400932053337,-0.17912006056712956,-0.9683972897121418,-0.46308328925019726,0.5014421378275634,2.9487183388361062,0.8038118084710445,1.0217668573478096,-0.505914949172767,-0.5155820052027141,-0.7496890580134866,-0.6873419290981821,-0.42617444652582603,-0.23881790343903897,-0.10151778421290422,0.9064405610906405,-0.9564821127475854,-0.11738658393031992,0.8566003885399014,-0.6307474182754299,1.1173649944960315,0.8657281721377906,-0.3117550791557591,-0.5223079138233243,0.08149966476256808,-0.30150774586323004,-1.1456504249072286,1.7493980380725858,0.04666351016544472,-0.768637477172643,1.7905487002770946
2026-01-11,-0.020842227833330326,1.0718460889934693,-0.19083244644249364,-0.9105934419841712,-0.4327434709460796,0.962261916576298,1.1767522950743645,-1.5050538305664705,-0.2735326595405435,2.3714022392282215,0.1540191120287067,-1.4691377998113286,0.11389226275397189,0.429888933330735,3.7166475965891412,1.3365426596999916,2.602591889727613,-0.6849076743213697,-1.0339834824440242,-0.5160543644671199,-0.6408048878632528,0.7744198891049747,-0.08540326766752811,-1.2390509211855385,2.4370154228826855,-0.636491174858926,-0.11929928443401644,2.044518297567937,0.8250612963412165,0.4338349914016665,0.897260343822279,9.491381985296693,0.08832878992749194,0.5688839532639539,2.7059151085819697,-1.6874262288347526,2.37358116607468,-0.6972534526968257,0.7986804484567217,0.4213204315031709
2026-01-12,-0.019769326699394962,0.38139657823345646,-0.12530149844962574,-0.7188874139084733,-0.06276100544356983,-0.5846499247401798,0.493445835063422,0.7447553674777233,-0.14858936216635882,0.6501695044150921,0.677293016549159,0.8553015921116925,0.7672201819712793,0.5112040092182266,0.34891128684734674,1.2796936196968063,0.8706397109403782,0.05482039163272601,0.8797355960095481,0.38337356310335013,0.7381807099221679,0.5789282599719145,-0.09241629689506686,0.899846735301481,0.04993411562772929,0.8690496917070437,-0.16779470307833178,0.033867512125859235,-0.5728805593006302,0.39733365707314106,0.9287925155067676,-0.39418368724181985,0.48727178790792486,0.8107084940484589,-0.49507337810129426,0.5201598083304998,-0.21412886509458431,0.48802632468179175,0.5595127670040702,0.421158413656366
2026-01-13,-0.01886174843622723,0.41919770491758973,-0.12740221329604415,-0.7069926938920194,-0.03669042098373045,-0.7722090394100034,-0.1920752652465282,0.8120765706901427,-0.14385251899145562,0.8382018618966887,0.6372807879920402,1.0948674565820218,0.8291284569041251,0.4059371595857475,0.4692757387126037,1.1915373210522602,1.0444894155454083,0.11091771553132644,0.8576896207181134,0.7233531488620581,1.1745953880178073,0.4389530804127257,-0.11361087866061376,0.6847209112345971,-0.030824015133879883,0.738393645175214,-0.16695875110971478,-0.01571424078792244,-0.7508336135531031,-0.131222794743463,0.9603246871912561,-0.39990068166149895,0.09103786395465886,0.998848639286591,-0.49232359766774936,0.7355126600678764,-0.22713261043174227,0.4771636520361318,0.5780034795524892,0.3363794053508703
2026-01-14,-0.016822114297862765,-2.1970172406525608,-0.13183074729660185,-0.6945345108246261,-0.05358347673482572,-0.17888525421458698,0.5503192565052681,0.8292475658414885,-0.14665246106285182,1.24219867190688,-2.174976889305359,1.1006621989342222,-1.679536223876424,0.38589594392167764,1.2324665180801098,0.865062034979983,0.7560242223710304,0.0959954355420014,0.681107779791573,0.001918817201801712,0.3293883333466,0.7693771107943786,-0.09899897502129097,0.6824000469031474,-0.260547678825526,-0.7086881762298837,-0.16621480948894143,-0.21187160844940878,-0.1857474619880535,-0.30710497785855156,0.9918568588757445,-0.41041084992265736,0.3828219766551718,1.0181782469618388,-0.26841296645403984,0.7434393965857907,-0.22337366781157272,-2.184669337299337,0.7424161686919638,0.2487446088675463
2026-01-15,-0.015431387785830312,0.36409232567560834,-0.12715239855755114,0.749646507423015,-0.043786998415491885,-0.7830190480157484,0.17722885866607613,0.8498255044752443,-0.14476826475127696,1.1372031581269504,0.6656411051842626,1.139954290625595,0.8251353971625596,0.4411921844638649,0.9828902378554498,0.9699977120867228,0.9592803281585172,0.11250370340140162,1.377803406719923,-0.33832064885739144,-0.15486837895389358,0.46158637452457457,-0.08060160510165897,0.5541711613378723,-0.3796014409252527,0.8356568829098574,-0.1723151306714121,-0.33499596841722423,-0.7610392709670198,-0.43713909165842557,1.023389030560233,0.09419348857531354,0.2391722806873988,1.0740341302994834,-0.05895234029618832,0.7417144707307658,-0.4816997820645387,0.5722536680353085,0.5608591228379048,0.43471930602802283
2026-01-16,-0.015240796027226793,0.14828597508124747,-0.1297640980963416,-0.6907810745147508,-0.07631386760648265,-0.2945792675632692,0.4480094463725966,0.5888536337226469,-0.15659390244105612,1.690813482967168,0.5596900048980442,1.0495563099312666,0.4989079483001064,0.4860714498794803,1.7653065399629668,1.591951340831375,1.5478183371347318,0.08231395782749991,0.6023415768085829,-0.06103857729128492,0.29865294114021,-0.14350810556239757,-0.09632230303842028,0.31313421264736074,-1.8678212081446763,0.6896945918311368,-0.19410395966261945,-1.814349781003978,-0.30249445855334756,-0.0071472701368363,1.0549212022447214,-0.36353133992650244,-0.17121459363156324,1.1131623832470614,1.268421026695167,0.6280285328226919,-1.9370700206004512,0.6211572822252974,-0.21227322326876644,0.2118729429617492
2026-01-17,-0.012583165403632185,0.15966249623006695,-0.17416299025577903,-0.8953326818576499,-0.36898098951032837,0.38403499373671296,-0.16558439243039183,-1.1898434195739076,-0.2433196375654309,2.837240000353072,-0.17792256342114027,-0.9454052474759912,-0.5633877713107535,0.37677014752027943,4.119538125772487,0.8107125171027171,1.4297091514143487,-0.5006625305206945,-0.3991450094887288,0.05035150540656543,0.5887213990577541,-0.8620417163868705,-0.21555358557003973,-0.6304669021434861,-0.470421122168527,-0.9185404149785443,-0.14456684651994134,-0.5840426498570973,0.328166076526056,-0.03948139428706438,1.08645337392921,-0.46782979210815107,0.8154248832485101,0.02510374823669667,-0.5414323593095499,-1.0962260775689263,0.8472755529204429,0.19301408770462936,-1.2586761547004692,2.5868816328483177
2026-01-18,-0.013939472554050685,1.0151944194391855,-0.19018519916548907,-0.991936804833625,-0.4336078660919032,0.3099673561607218,0.49664873190187814,-1.489381890547385,-0.27256420898879,1.3776776550814793,0.1587396254153783,-1.4563893666364875,0.07810004435283235,0.598230708608436,1.3928493693484547,2.561268106239954,2.2968046559076347,-0.6839374229185002,-1.372378501237794,-1.0389674234360706,-1.6259034219644672,0.3243600318536693,-0.021366806174742972,-1.6755528083578504,1.2788231581825158,-0.6000936668684498,-0.12532317088697642,1.0288194993629631,0.24506187077874603,-0.4797936593530071,1.1179855456136985,-0.5084929937821031,-0.4252073727395231,0.6263788371405596,-0.5648873655898964,-1.6898051140536032,1.3795115398784592,-0.4988916336361869,0.4282548514289787,-0.29061782991398954
2026-01-19,-0.00984473253985602,0.44938903001029995,-0.12350737441863058,-0.7019176508339903,-0.060914828156810846,0.07189279013020435,1.1380925933472676,0.7343982592911973,-0.1488133575320705,1.2064536287155596,0.7550398042707686,1.0345273652500755,0.935284921867743,0.5163237118551901,0.9166956953926169,0.5845178076506479,0.5059100950126746,0.06169145084631643,0.6954483656607587,0.41597258042419466,0.7815869529686537,0.40087561726058835,-0.05674528807412326,0.7210614787008063,0.021073740424532326,0.7663523876278127,0.3676290771948715,0.2122452002382555,0.04582619268261212,-0.011058173434233227,1.149517717298187,-0.41178520619760633,0.11528997676098454,1.1295583698392733,-0.49196553735523574,0.5978707790325205,-0.31350854976984893,0.4413058714666782,0.7101214086675892,0.33415587552203796
2026-01-20,-0.008473810498456302,0.8343706923269296,-0.12019165152590533,-0.6981353658709377,-0.02521851009780031,-0.5042827837563917,0.49186479829277513,0.8186179021763696,-0.142034203669796,1.3463813173908064,0.8882071069555237,1.179171611447907,0.8906297130256633,0.5003441935883021,1.2970614306933892,1.141482399504192,0.9150737496086607,0.1143555774732247,0.7256278075645675,-0.09706387749057327,0.11138867578469915,0.36687891329187605,-0.06649081622441437,0.5034180036088893,0.32369498904075317,0.6162686208372772,-0.16458717143027726,0.39738755450116503,-0.4956703110577536,-0.043185730287649354,1.1810498889826753,-0.3990547834058797,0.5729679261554615,1.1701949935875866,-0.47332332416633505,0.7264098050024649,-0.08807286285131996,0.4844961183138379,0.6698360580852166,0.4546460125451668
2026-01-21,-0.007048389787258257,-2.1113619617873636,-0.12684580774212792,-0.6289159838578892,-0.051555883182893884,-0.031797152888582265,0.8175789313277492,0.798039963542614,-0.14717292088318193,0.9878879721466548,-2.123468301354237,1.140402915839959,-1.6121119587535209,0.5358862582051918,0.9811734436755685,1.2342801073658027,1.200159960896701,0.08590575388619959,1.0576016685064633,-0.2574337438735636,-0.12118950810002932,0.5613481711027801,-0.05423042854907171,0.8359262496660826,0.2534690046159588,-1.2011594924093643,-0.16769692169101555,0.29038407247714715,-0.050599225851175045,-0.08366980525479263,1.2125820606671638,0.02358827127160795,-0.5819205486259299,1.1178492269968676,-0.4299622123834454,0.6916692941285674,-0.2412560554120484,-2.1237412478091215,1.0124707117481622,0.43174136283973896
2026-01-22,-0.005670806976960019,0.48429886541190115,-0.1274930550191325,-0.6809346907527408,-0.05519488003136103,-0.4562574941030976,0.3170342923310893,0.8004929628499491,-0.1453546055615223,1.3584410480211777,0.7623397138991608,1.151880244240769,0.9693021988339603,0.5147898192420719,1.399980998155185,1.1724261931166917,1.0169880658329842,0.0992093933140067,0.8330751822859289,-0.44524522066975025,-0.3908363260059476,0.47041308861435094,-0.063382045262091,0.7182882220954717,0.3041324874560457,0.5201288859120102,-0.1654924604444627,0.3510196027806179,-0.4483840119386842,-0.13871690172336562,1.2441142323516523,-0.39583119847382137,-0.5247973927670352,1.1845883170501434,-0.44611101029006617,0.6913394335683998,-0.08702594985346938,0.4795424068352803,0.9397412267828786,0.2928593802229803
2026-01-23,-0.006608552703148717,0.25553340282953946,-0.13173990557351348,0.6113956280974585,-0.08720951506186375,-0.18195809330330392,0.7730277937000548,0.48460116316090424,-0.15453182745671024,0.9458490875908194,0.62176501210743,0.9970671598506888,0.5722729708918092,0.4944239040868772,0.6602292648888546,0.7178653646181787,0.5036117821701489,0.06216724720733898,1.062952633383025,0.17756390467660968,0.5696402404177208,-0.2578624348270283,-0.0907949250394967,0.54408366117171,-1.2003879902459567,0.3061116663175439,-0.18138227886490355,-1.1409958328872742,-0.19701218208129626,0.3549408276057159,1.2756464040361408,-0.015033494347964726,0.43727314611646473,1.087479330384389,0.0035054008623571806,0.5830918735857095,-1.2452568375124673,0.5641183048452261,0.07025081453922444,0.43298397860391186
2026-01-24,-0.00295827351069703,0.29099423180006545,-0.17409485896346275,-0.23549965420121918,-0.3653526642068714,-0.24212807006427892,-1.5596536618276078,-1.1976112507138021,-0.24169237711452535,1.2370905636397713,-0.13130956651982306,-0.932881126908332,-0.5653134980521951,0.43218711008138183,1.3442552882962564,0.8236387812885457,0.7213240938973606,-0.5070951107349112,-0.7672913929961825,-0.3616016660463106,0.014468578502514906,-0.9591287996806688,-0.2161481484271231,-0.5865396725920574,0.555430128021201,-1.1031960636091331,-0.10489269410372673,0.6127549020977685,-0.27914104985337285,0.2212936501672764,1.3071785757206293,-0.2685016604037269,-0.7407568229866037,0.2595159024361771,-0.021550952312128425,-1.119874486942515,2.201589089901541,0.23918842134982507,-1.1767171052439378,1.939432362595504
2026-01-25,9.92803639993228,1.231363418249169,-0.19200203362725632,-0.6734585909394775,-0.43593426290411974,-0.20931745450158956,-0.721920928098703,-1.4857023915863823,-0.2743957005084327,1.444352341308621,0.27979549124254344,-1.4570623044580333,0.038667751849350264,0.6114855580932592,1.0918467150465334,-0.04765844019680313,0.42950395462255986,-0.6908644581745639,-1.1517047097283843,-1.5087853057327867,-3.982103826602657,0.348108901960384,-0.024704010582778525,-1.4915789369976618,1.4353719118184742,-0.7471155365591741,-0.13385404750274568,1.0666573984563068,-0.2206168004654916,-0.28174523726383416,1.3387107474051179,-0.3644931856396304,1.1907005556625132,0.8328424546841164,-0.18145928559025803,-1.702200092744618,1.781277365029722,-0.3807357673791063,0.4305725319597757,-0.5539481294146764
2026-01-26,-1.0883273102008702e-05,0.2569231413565707,-0.12513117021883507,1.2204681950127252,-0.06954810807003642,1.1840462823359441,0.9869845717401847,0.6706202773004841,-0.15322079575739767,1.154345545380828,0.6354707278437702,0.9452135621571266,0.7449195849243386,0.500544062560517,1.1798010889694632,1.3196688737379338,1.6988662372366627,0.04920412870457742,0.8823040591502977,0.2968805510333091,0.6220005086302722,-0.07125610963387242,-0.08980571419842917,0.7628013578346189,-0.06182678698592206,0.32308454449463614,-0.17355845945359555,-0.06305820866925185,1.0876570147933684,0.4177983596658436,1.3702429190896062,0.4204739621905952,0.29968296254184923,1.128676161736572,0.3900482854353098,0.5211911627456963,-0.4865757294863806,0.4600918778606579,0.4432519382162777,0.4079699918849172
2026-01-27,0.0013851459869855768,0.4910760026472768,-0.12232643201848185,1.3640983383164993,-0.04263447155439379,-0.2527248261561791,1.211708586752054,0.7320815377231585,-0.150262739310205,0.359576595119324,0.7121027954230373,1.1770406416796784,0.9284243491995339,0.494378165339868,0.0536262131173734,1.1591760070465444,0.9972886873371525,0.10557666814533795,1.0329872300742788,-0.43552263211273484,-0.38779560910474464,0.6876516308927764,-0.0791513057459056,0.9332868667906841,0.6157252335334399,0.6167554258931973,-0.15881843237889176,0.662074581993275,-0.25816933276732923,0.08307490070071298,1.4017750907740947,0.43620585460279254,-0.76090235890541,1.3087325931099065,0.4682904988600972,0.6870814955078955,0.25567790477586544,0.5246880265420809,0.9490359127808581,-0.5887996613250139
2026-01-28,0.001421861050501447,-2.143455542999103,-0.12496084198804439,1.4022843480030092,-0.0536901921849274,-0.10474882484296223,0.17586912999533383,0.6924247155879074,-0.14836536680064713,1.2931010401861334,-2.133595964342166,1.1600302689683801,-1.6405190206633344,0.5299495828998804,1.1147735040862679,1.2817080272371886,1.272927396505882,0.09229168739835525,0.5297824930824045,0.1793023333457412,0.4942675706960496,0.6982657425602666,-0.06407524795836839,0.7984300797416716,0.0846371625508208,-0.9588420999876454,-0.1621812729480615,0.17060312763696373,-0.119304693132361,-0.19092646792360093,1.4333072624585832,0.46695691151413676,0.17547981660667286,1.2406571637568802,0.4704180909616383,0.6768882280230653,0.050665948631942154,-2.1722461150757284,0.9060185099433941,0.26972710167887587
2026-01-29,0.004024960670468124,0.4205814773338669,-0.12892381215777424,1.3838795895998384,-0.052868483219144495,-0.12899470678430647,0.8998601993025085,0.6928335488057966,-0.1470016303094024,1.242334160419079,0.7049102768605635,1.1512446918537533,0.8516163232650888,0.4679230895339181,1.2470779429404244,1.2956739447571668,1.4403400234391754,0.1026892372877599,0.9069184975824822,-0.10338609183324457,0.12032354732094395,0.5656619192683129,-0.07198641009232037,0.7411753413634433,0.0980046884478282,0.6794322285662049,-0.16670496925125952,0.17341889445893358,-0.13610618495853738,-0.12313560542190016,1.4648394341430717,0.49199685973956603,0.0630273095013622,1.1953511130743841,0.49078858214223603,0.7061831587759424,-0.21122343144819386,0.4781602309127492,0.7674322393170246,0.40725268254741964
2026-01-30,0.005405566693834379,0.19563997842822214,-0.13143331475809025,1.3078482818275157,-0.0702417584956973,-0.49885652166886874,0.5894193818078862,0.40324335280095613,-0.15382031276562602,0.5897696564560256,0.5795302485852658,1.0983816874278725,0.4843227426723179,0.46630144604614115,0.23771323286872692,1.0897775566038863,1.1423146677734461,0.06352000156710899,0.5867167593690225,-0.3929204822360834,-0.1941690512304429,-0.2310771090019379,-0.0934288661786527,0.516373646804268,-1.2505071049710712,0.37817613059725685,-0.18267192398704865,-1.1624917557924053,-0.49623469420207905,0.38181830153511304,1.4963716058275602,0.45457328274541065,0.3399089328398866,1.3961979780451808,0.44831891433136556,0.6020610164540383,-1.1399024492544498,0.6627845376787732,-0.05276409502066808,0.3727055287260119
2026-01-31,0.007053589654944363,0.2728545731428982,-0.17560510260980677,-0.1834892443646132,-0.35702885909894067,-0.29799359393108776,-0.9088754128848606,-1.2705198412373737,-0.24190978438124552,2.1354272064832602,-0.15951726397539867,-0.909365688588757,-0.6581314839515972,0.4506245138692882,3.555989775900401,2.081599513005434,3.4008135825500654,-0.5012969256687246,-0.9462276584684101,-0.381951854327581,-0.01047337493049308,-1.1698812033998667,-0.21553662174315372,-0.6721976296932209,-0.5081364091533178,-1.2780312254209054,-0.13990477194525794,-0.5619258430955586,-0.3291828615484323,0.23979068851960395,1.5279037775120485,-0.14868104562064702,0.18953475373074208,0.32594092688849624,-0.005381553965152793,-1.1064812839362335,0.5725671097895456,0.23506803020163217,-1.283677585724165,1.965654887418484
2026-02-01,0.008776093592548233,1.0462548307831208,-0.19063940778093086,-0.6915219417716046,-0.43066251966909697,1.029373904512718,-0.3929966923033864,-1.532854489382935,-0.27162869893199415,0.6807645461024268,0.17468777919156767,-1.4461457575751782,0.0076523238716426425,0.5320871998087839,0.661535079450832,1.4433135581146452,1.7224092891656189,-0.6812319141989602,-1.1243077695603878,-1.0334723235133274,-1.6256781510443263,0.7975847705533159,-0.020193921501081763,-1.6847189423919442,1.2817432215657172,-0.2101800912196185,-0.13513043536293803,0.8659543969100271,0.919421361372814,-0.29215551938874923,1.559435949196537,-0.35114263415078906,1.526986959736826,0.9026159936598303,-0.15302500523875706,-1.6900896007812587,1.7204894213123407,-0.48179901742291537,0.4316259777770611,-0.396235755323474
2026-02-02,0.0097034763263487,0.4091676198506835,-0.12903736431163468,1.213403072512179,-0.07732766438244858,-0.33765907504101567,0.6005746443209987,0.5032712134445104,-0.15243681197740674,1.2613926762775929,0.7770811779947744,1.0882876201046843,0.9667350525588462,0.5414465172675818,1.4895397523714409,1.0807960217689354,1.2529462630759363,0.01229259336368059,0.48590458109459755,0.04331161468637932,0.28488106364846405,0.49867423074925527,-0.03920166776004566,0.9767755372348479,0.19795895838872118,0.6648237302982408,-0.10807412355801359,0.2020059375830888,-0.34417243728291547,0.026612730531699293,1.5909681208810256,0.42111526754812256,0.10715306792663015,1.684071546423886,0.42633873130557787,0.4892371813636951,-0.021016189803396923,0.4300103135937264,0.9262265724273104,0.4658522789755245
2026-02-03,0.01100510697090605,0.4239291009644974,-0.13178532643505766,1.2969041344857841,-0.05519488003136103,-0.4167956782148277,1.0284447434941248,0.6441823958769834,-0.14641528949915708,1.2214926685908587,0.7057177271530208,1.3525278713650288,0.8868900483558967,0.5001855117350296,1.0942632566109296,1.2103555848066894,1.209306073753938,0.06987794705802804,0.6228892819345804,-0.24789997836283573,-0.10331693828788092,0.6280237296701006,-0.07015833305313862,1.0814367337050925,0.5449095534870704,0.4847368852803286,-0.1573744416675254,0.552332972239399,-0.4095574103245759,0.35806180043192715,1.622500292565514,0.515538776398893,-0.5536607531340283,1.9485403070153797,0.4653763646949871,0.6652415574587192,0.32228948136558905,0.3662789682587517,1.0060493590113546,0.4122231272483434
2026-02-04,0.011410880365527286,-2.169454765016505,-0.13368164740452723,1.3283287649652282,-0.05008320997149076,1.5242034844692642,0.8551603864256515,0.6249672346361916,-0.14411604295111646,1.1863255740887406,-2.1414577029298156,1.437766662094172,-1.6245623148841963,0.48404806443989157,1.0680035251535047,1.6601295895910588,1.4670286328196902,0.06115501377261453,1.0075166372618445,-0.177191245058798,0.019484453937923724,0.47441074238060815,-0.07058781385961313,0.9115408933214946,0.12065677553335745,-1.2482841488649572,-0.16292868397771126,0.11673735419804497,1.4106489087801812,0.05042813865822686,1.6540324642500026,0.5109004437823145,-0.497814989274418,2.215981368851534,0.4719175786530053,0.67400806998789,-0.054993003548192476,-2.2170199171859135,0.9584615561300593,0.3456036977636031
2026-02-05,0.013815595773955767,0.408514017860491,-0.13197836509662042,1.3769381997096788,-0.04539840171202719,0.4023385137711044,1.5105838944586507,0.6729369988685229,-0.14210008465971122,1.3857882475925214,0.7014276725037524,1.6111603074458243,0.8436413015177509,0.4482129793081644,1.7109147540463467,1.1635461462239876,1.4271233399356849,0.08863458595677012,0.9535789113061013,-0.1221093804457535,0.11319551285836586,0.1954510442909238,-0.07502814152146506,0.7555834401856323,0.16903800192297777,0.2591749141089141,-0.16572912497205228,0.19787733317296358,0.35545348458854686,-0.021985861148215134,1.6855646359344911,0.5197426579957264,1.0996503826115342,2.664856347365079,0.3651568627835527,0.7166184200341708,-0.16649576584760273,0.412490151547528,0.7921276123665153,0.44802053550311555
2026-02-06,0.015079977846808772,0.13348890437872302,-0.1679516874396122,-0.7253577683389749,-0.11140190759991364,-0.966618085071649,0.04371646539413384,-0.5610579304603386,-0.15461088464460848,0.739648064854413,0.542378946410961,0.1369778530460081,0.4807956954979851,-2.4425006862950664,0.3725455263066278,1.6999896964070047,1.5223334808797175,-0.31754157223969026,-1.300889610486928,0.6145417522449526,1.106432469839001,-2.502481850820862,-0.05669764407812071,0.08564385396920558,-1.540737671924548,-1.6844219551046171,-0.19084007200492953,-1.554283638354489,-0.3612618756878624,0.25970336695772467,1.7170968076189794,-0.2923325471215183,-0.3237313691600567,2.926503342796539,2.727482531384648,0.5884337420895592,-1.5255984458858376,0.6984448911095538,-0.42497388298582245,0.48523487536477017
